raw,Date,Time,Station
9/Nov 1:18PM Y-O-X,09-Nov,1:18PM,NPMYOX
Y/O/Z 6:16PM 10-Nov,10-Nov,6:16PM,YOZPMN
Y-I-W 7-Nov 6:54PM,07-Nov,6:54PM,YIWNPM
Y-I-Y 9:17PM 8-Nov,08-Nov,9:17PM,YIYPMN
YIZ 7/Nov 12:32PM,07-Nov,12:32PM,YIZNPM
Y/I/Z 12:32PM 6-Nov,06-Nov,12:32PM,YIZPMN
Y-O-Z 6:19PM 9-Nov,09-Nov,6:19PM,YOZPMN
Y:I:Y 9:21PM 7/Nov,07-Nov,9:21PM,YIYPMN
7/Nov Y:O:Y 10:25AM,07-Nov,10:25AM,NYOYAM
Y-I-W 8:31AM 10-Nov,10-Nov,8:31AM,YIWAMN
YOH 5:40PM 6/Nov,06-Nov,5:40PM,YOHPMN
10-Nov Y-I-Y 2:49PM,10-Nov,2:49PM,NYIYPM
7:34AM YIW 6/Nov,06-Nov,7:34AM,AMYIWN
2:44PM Y/I/Y 9-Nov,09-Nov,2:44PM,PMYIYN
6-Nov Y:I:X 10:29PM,06-Nov,10:29PM,NYIXPM
Y:I:X 6/Nov 6:54PM,06-Nov,6:54PM,YIXNPM
YIW 8:15AM 7/Nov,07-Nov,8:15AM,YIWAMN
9/Nov YOW 9:03PM,09-Nov,9:03PM,NYOWPM
Y:O:Y 7/Nov 6:43PM,07-Nov,6:43PM,YOYNPM
7-Nov 6:58PM Y-O-Z,07-Nov,6:58PM,NPMYOZ
Y/O/W 6/Nov 1:05PM,06-Nov,1:05PM,YOWNPM
10-Nov Y/O/W 2:04PM,10-Nov,2:04PM,NYOWPM
7:14PM 10/Nov YOX,10-Nov,7:14PM,PMNYOX
Y:I:W 12:02PM 6-Nov,06-Nov,12:02PM,YIWPMN
10-Nov 4:10PM Y-I-H,10-Nov,4:10PM,NPMYIH
9/Nov YIY 4:20PM,09-Nov,4:20PM,NYIYPM
Y/I/Z 9:35AM 10-Nov,10-Nov,9:35AM,YIZAMN
Y/I/H 2:06PM 9/Nov,09-Nov,2:06PM,YIHPMN
Y:I:W 7/Nov 1:00PM,07-Nov,1:00PM,YIWNPM
YIH 7:32PM 10/Nov,10-Nov,7:32PM,YIHPMN
8:59AM 9-Nov Y-I-Z,09-Nov,8:59AM,AMNYIZ
Y:O:X 8:09PM 7/Nov,07-Nov,8:09PM,YOXPMN
11:14AM 10/Nov Y:I:Y,10-Nov,11:14AM,AMNYIY
6/Nov 8:22AM YOH,06-Nov,8:22AM,NAMYOH
6-Nov Y/I/Z 7:44AM,06-Nov,7:44AM,NYIZAM
10/Nov 5:48PM Y:O:W,10-Nov,5:48PM,NPMYOW
12:58PM 9/Nov YIX,09-Nov,12:58PM,PMNYIX
6:45PM 9-Nov Y-O-Y,09-Nov,6:45PM,PMNYOY
2:16PM Y:O:Y 10-Nov,10-Nov,2:16PM,PMYOYN
7:30AM Y:I:W 10/Nov,10-Nov,7:30AM,AMYIWN
11:00AM 6-Nov Y/I/Z,06-Nov,11:00AM,AMNYIZ
8:12PM 8/Nov Y-O-X,08-Nov,8:12PM,PMNYOX
Y-I-X 9:23PM 6-Nov,06-Nov,9:23PM,YIXPMN
8-Nov 3:05PM Y-I-W,08-Nov,3:05PM,NPMYIW
10:48AM 7-Nov Y-I-Y,07-Nov,10:48AM,AMNYIY
Y-O-Y 8-Nov 1:19PM,08-Nov,1:19PM,YOYNPM
8:05AM 6-Nov Y/I/X,06-Nov,8:05AM,AMNYIX
11:14PM 8/Nov Y/I/Y,08-Nov,11:14PM,PMNYIY
7:16AM 8-Nov Y:O:X,08-Nov,7:16AM,AMNYOX
3:30PM YIZ 9-Nov,09-Nov,3:30PM,PMYIZN
7-Nov 4:23PM Y/O/Y,07-Nov,4:23PM,NPMYOY
10:39AM 7/Nov Y-I-H,07-Nov,10:39AM,AMNYIH
6-Nov Y/O/W 6:24PM,06-Nov,6:24PM,NYOWPM
10:36AM Y/O/W 7/Nov,07-Nov,10:36AM,AMYOWN
9/Nov Y:I:Z 1:59PM,09-Nov,1:59PM,NYIZPM
8-Nov 1:07PM Y:I:H,08-Nov,1:07PM,NPMYIH
Y:O:Y 8-Nov 11:54AM,08-Nov,11:54AM,YOYNAM
1:24PM Y-I-W 9/Nov,09-Nov,1:24PM,PMYIWN
YOW 11:06PM 7/Nov,07-Nov,11:06PM,YOWPMN
Y/O/X 9/Nov 10:16PM,09-Nov,10:16PM,YOXNPM
9/Nov 10:00AM Y/I/Z,09-Nov,10:00AM,NAMYIZ
10-Nov Y:O:H 10:03PM,10-Nov,10:03PM,NYOHPM
Y/O/W 12:08PM 7/Nov,07-Nov,12:08PM,YOWPMN
Y/O/W 10:07AM 8/Nov,08-Nov,10:07AM,YOWAMN
8:54AM 8/Nov Y-I-H,08-Nov,8:54AM,AMNYIH
5:49PM Y:O:Z 7/Nov,07-Nov,5:49PM,PMYOZN
Y/I/W 8:10AM 10-Nov,10-Nov,8:10AM,YIWAMN
4:02PM Y/I/W 9-Nov,09-Nov,4:02PM,PMYIWN
10-Nov YIZ 12:59PM,10-Nov,12:59PM,NYIZPM
9/Nov 8:26PM Y:I:X,09-Nov,8:26PM,NPMYIX
11:35AM 6-Nov Y:I:Z,06-Nov,11:35AM,AMNYIZ
6:59PM Y/I/Z 10-Nov,10-Nov,6:59PM,PMYIZN
7-Nov 8:15AM Y:I:Y,07-Nov,8:15AM,NAMYIY
Y-I-X 7:22AM 9-Nov,09-Nov,7:22AM,YIXAMN
10/Nov Y:I:X 4:52PM,10-Nov,4:52PM,NYIXPM
Y:O:W 9/Nov 10:07AM,09-Nov,10:07AM,YOWNAM
YIZ 9:02AM 7-Nov,07-Nov,9:02AM,YIZAMN
12:31PM Y-I-H 6/Nov,06-Nov,12:31PM,PMYIHN
Y:O:Y 1:55PM 7/Nov,07-Nov,1:55PM,YOYPMN
7-Nov 12:54PM YIX,07-Nov,12:54PM,NPMYIX
6/Nov 1:18PM Y:O:Y,06-Nov,1:18PM,NPMYOY
6/Nov YOW 8:03PM,06-Nov,8:03PM,NYOWPM
YIZ 7:43AM 9/Nov,09-Nov,7:43AM,YIZAMN
Y:O:W 7/Nov 12:38PM,07-Nov,12:38PM,YOWNPM
Y:O:X 10/Nov 6:15PM,10-Nov,6:15PM,YOXNPM
Y:O:X 9:46AM 10/Nov,10-Nov,9:46AM,YOXAMN
6/Nov 11:23AM Y:I:X,06-Nov,11:23AM,NAMYIX
7-Nov Y/I/Z 1:29PM,07-Nov,1:29PM,NYIZPM
7:23PM YOY 8/Nov,08-Nov,7:23PM,PMYOYN
YOH 2:30PM 9/Nov,09-Nov,2:30PM,YOHPMN
9:23PM 9-Nov Y:I:X,09-Nov,9:23PM,PMNYIX
9:02PM YOH 10-Nov,10-Nov,9:02PM,PMYOHN
6/Nov YIY 12:46PM,06-Nov,12:46PM,NYIYPM
Y:O:Z 7:37AM 10/Nov,10-Nov,7:37AM,YOZAMN
Y-O-H 2:00PM 6/Nov,06-Nov,2:00PM,YOHPMN
9-Nov Y-I-Y 10:11PM,09-Nov,10:11PM,NYIYPM
10/Nov Y-I-W 3:03PM,10-Nov,3:03PM,NYIWPM
Y/I/W 9-Nov 9:58AM,09-Nov,9:58AM,YIWNAM
8/Nov Y-I-W 7:51AM,08-Nov,7:51AM,NYIWAM
10:03AM 8/Nov YIZ,08-Nov,10:03AM,AMNYIZ
YIZ 2:01PM 6/Nov,06-Nov,2:01PM,YIZPMN
7:35PM 10-Nov Y-O-Z,10-Nov,7:35PM,PMNYOZ
9/Nov 6:40PM YOZ,09-Nov,6:40PM,NPMYOZ
Y-I-H 6:20PM 6-Nov,06-Nov,6:20PM,YIHPMN
8:50AM 6-Nov Y-O-Z,06-Nov,8:50AM,AMNYOZ
1:37PM Y/O/Z 10/Nov,10-Nov,1:37PM,PMYOZN
YOW 2:05PM 8-Nov,08-Nov,2:05PM,YOWPMN
YIW 6-Nov 8:31PM,06-Nov,8:31PM,YIWNPM
Y/O/X 5:35PM 8-Nov,08-Nov,5:35PM,YOXPMN
7:29PM Y/I/W 8/Nov,08-Nov,7:29PM,PMYIWN
Y:I:H 9-Nov 1:09PM,09-Nov,1:09PM,YIHNPM
7:03PM Y-O-H 10/Nov,10-Nov,7:03PM,PMYOHN
7/Nov 11:33AM Y/O/H,07-Nov,11:33AM,NAMYOH
YIY 9-Nov 7:15AM,09-Nov,7:15AM,YIYNAM
4:52PM 10-Nov Y/O/Y,10-Nov,4:52PM,PMNYOY
Y/O/Y 7:26AM 8-Nov,08-Nov,7:26AM,YOYAMN
11:43AM 6-Nov Y-O-X,06-Nov,11:43AM,AMNYOX
7/Nov 3:29PM Y/O/Z,07-Nov,3:29PM,NPMYOZ
9:37PM Y/I/H 10/Nov,10-Nov,9:37PM,PMYIHN
11:18AM 9/Nov YIY,09-Nov,11:18AM,AMNYIY
10-Nov Y-I-H 12:57PM,10-Nov,12:57PM,NYIHPM
6-Nov Y/O/X 12:41PM,06-Nov,12:41PM,NYOXPM
7-Nov 8:37PM YIH,07-Nov,8:37PM,NPMYIH
12:48PM 8-Nov Y-O-Y,08-Nov,12:48PM,PMNYOY
6:55PM Y/O/X 8/Nov,08-Nov,6:55PM,PMYOXN
7:37AM 9/Nov Y:I:Y,09-Nov,7:37AM,AMNYIY
YOY 7:20PM 9/Nov,09-Nov,7:20PM,YOYPMN
7/Nov 9:59PM Y:I:Z,07-Nov,9:59PM,NPMYIZ
8:08PM 9/Nov YOW,09-Nov,8:08PM,PMNYOW
1:42PM Y/I/Y 6-Nov,06-Nov,1:42PM,PMYIYN
6:42PM 9-Nov Y/I/W,09-Nov,6:42PM,PMNYIW
6:01PM 7/Nov Y-O-H,07-Nov,6:01PM,PMNYOH
Y-I-H 7-Nov 9:45PM,07-Nov,9:45PM,YIHNPM
YIX 3:26PM 10-Nov,10-Nov,3:26PM,YIXPMN
6/Nov YIW 9:11AM,06-Nov,9:11AM,NYIWAM
3:20PM Y/O/Y 8/Nov,08-Nov,3:20PM,PMYOYN
11:03PM 10-Nov Y:O:W,10-Nov,11:03PM,PMNYOW
Y-I-Z 10-Nov 4:32PM,10-Nov,4:32PM,YIZNPM
7-Nov Y:I:Y 5:14PM,07-Nov,5:14PM,NYIYPM
Y:I:H 9:39AM 7-Nov,07-Nov,9:39AM,YIHAMN
9:03PM 8/Nov YOH,08-Nov,9:03PM,PMNYOH
10/Nov YIY 2:16PM,10-Nov,2:16PM,NYIYPM
2:53PM Y:I:X 7/Nov,07-Nov,2:53PM,PMYIXN
9/Nov Y/I/X 5:32PM,09-Nov,5:32PM,NYIXPM
3:27PM 8-Nov Y-I-W,08-Nov,3:27PM,PMNYIW
Y-I-Y 1:49PM 10/Nov,10-Nov,1:49PM,YIYPMN
9-Nov Y-I-W 10:29AM,09-Nov,10:29AM,NYIWAM
Y/I/X 7:28AM 7-Nov,07-Nov,7:28AM,YIXAMN
Y-O-H 3:00PM 9/Nov,09-Nov,3:00PM,YOHPMN
Y-I-Y 9:47AM 10-Nov,10-Nov,9:47AM,YIYAMN
4:36PM 6-Nov Y/O/W,06-Nov,4:36PM,PMNYOW
6/Nov 11:31AM YOH,06-Nov,11:31AM,NAMYOH
10:51AM 10-Nov YOY,10-Nov,10:51AM,AMNYOY
Y-I-H 7/Nov 6:17PM,07-Nov,6:17PM,YIHNPM
1:53PM 9/Nov Y:O:Y,09-Nov,1:53PM,PMNYOY
Y/I/X 3:56PM 6/Nov,06-Nov,3:56PM,YIXPMN
Y-I-W 9/Nov 8:12AM,09-Nov,8:12AM,YIWNAM
9-Nov 7:28PM YIW,09-Nov,7:28PM,NPMYIW
8/Nov 12:13PM Y:O:X,08-Nov,12:13PM,NPMYOX
10/Nov 11:39PM Y-O-Z,10-Nov,11:39PM,NPMYOZ
9-Nov 6:35PM Y/O/X,09-Nov,6:35PM,NPMYOX
9:18AM 8/Nov Y-I-H,08-Nov,9:18AM,AMNYIH
Y-O-W 10/Nov 3:36PM,10-Nov,3:36PM,YOWNPM
6/Nov 2:04PM Y/O/W,06-Nov,2:04PM,NPMYOW
11:05AM 8/Nov Y:O:W,08-Nov,11:05AM,AMNYOW
YOY 10:19AM 6/Nov,06-Nov,10:19AM,YOYAMN
10-Nov Y-I-Y 12:40PM,10-Nov,12:40PM,NYIYPM
6-Nov 1:06PM Y/I/W,06-Nov,1:06PM,NPMYIW
8/Nov YOZ 6:14PM,08-Nov,6:14PM,NYOZPM
10-Nov 5:26PM Y:I:X,10-Nov,5:26PM,NPMYIX
6-Nov Y/O/X 6:30PM,06-Nov,6:30PM,NYOXPM
Y-I-Z 3:31PM 8/Nov,08-Nov,3:31PM,YIZPMN
8/Nov 9:20PM YOY,08-Nov,9:20PM,NPMYOY
7/Nov Y-O-X 9:13AM,07-Nov,9:13AM,NYOXAM
9-Nov Y-O-H 9:03AM,09-Nov,9:03AM,NYOHAM
Y/O/X 7:13PM 6/Nov,06-Nov,7:13PM,YOXPMN
3:02PM YIW 9/Nov,09-Nov,3:02PM,PMYIWN
Y/O/W 11:06AM 6-Nov,06-Nov,11:06AM,YOWAMN
11:34PM Y:I:W 9/Nov,09-Nov,11:34PM,PMYIWN
Y-I-Z 7:42AM 10/Nov,10-Nov,7:42AM,YIZAMN
5:23PM YOH 10/Nov,10-Nov,5:23PM,PMYOHN
Y-O-Y 2:52PM 7/Nov,07-Nov,2:52PM,YOYPMN
8/Nov 11:31PM YIH,08-Nov,11:31PM,NPMYIH
Y:O:X 10:44AM 10/Nov,10-Nov,10:44AM,YOXAMN
9:13PM 7/Nov Y/O/X,07-Nov,9:13PM,PMNYOX
4:00PM 10-Nov YIX,10-Nov,4:00PM,PMNYIX
Y:I:Y 8:56AM 8/Nov,08-Nov,8:56AM,YIYAMN
12:30PM Y-I-W 8/Nov,08-Nov,12:30PM,PMYIWN
10-Nov Y:O:Y 9:23AM,10-Nov,9:23AM,NYOYAM
Y/I/H 8:37AM 8-Nov,08-Nov,8:37AM,YIHAMN
6-Nov 12:35PM Y/O/W,06-Nov,12:35PM,NPMYOW
Y:O:W 6:46PM 6/Nov,06-Nov,6:46PM,YOWPMN
Y-O-Y 1:54PM 10/Nov,10-Nov,1:54PM,YOYPMN
10:05AM YOW 7-Nov,07-Nov,10:05AM,AMYOWN
8-Nov Y-O-Z 7:37AM,08-Nov,7:37AM,NYOZAM
Y-I-Y 8:16AM 9-Nov,09-Nov,8:16AM,YIYAMN
5:38PM 10/Nov Y/I/H,10-Nov,5:38PM,PMNYIH
2:14PM YIH 10-Nov,10-Nov,2:14PM,PMYIHN
10-Nov Y/I/Y 10:17AM,10-Nov,10:17AM,NYIYAM
Y/O/W 6/Nov 7:06AM,06-Nov,7:06AM,YOWNAM
5:22PM 8-Nov YOH,08-Nov,5:22PM,PMNYOH
Y/O/W 9-Nov 6:25PM,09-Nov,6:25PM,YOWNPM
12:39PM YOZ 9-Nov,09-Nov,12:39PM,PMYOZN
7:58AM 7-Nov YOY,07-Nov,7:58AM,AMNYOY
6-Nov 4:30PM Y-I-W,06-Nov,4:30PM,NPMYIW
6:59AM 8-Nov Y-I-Z,08-Nov,6:59AM,AMNYIZ
1:59PM Y:I:X 8/Nov,08-Nov,1:59PM,PMYIXN
10/Nov Y/O/Z 7:11PM,10-Nov,7:11PM,NYOZPM
10/Nov Y/I/W 4:26PM,10-Nov,4:26PM,NYIWPM
6-Nov Y-O-Z 5:06PM,06-Nov,5:06PM,NYOZPM
8-Nov Y:O:Y 10:46AM,08-Nov,10:46AM,NYOYAM
Y:O:H 10-Nov 9:33AM,10-Nov,9:33AM,YOHNAM
Y:O:W 10:05AM 6/Nov,06-Nov,10:05AM,YOWAMN
9-Nov Y-I-H 10:04AM,09-Nov,10:04AM,NYIHAM
YIW 5:06PM 7/Nov,07-Nov,5:06PM,YIWPMN
7:03AM Y:O:H 7-Nov,07-Nov,7:03AM,AMYOHN
7/Nov Y-O-Y 2:22PM,07-Nov,2:22PM,NYOYPM
7:31AM Y-I-H 9-Nov,09-Nov,7:31AM,AMYIHN
Y/O/W 9:35AM 7-Nov,07-Nov,9:35AM,YOWAMN
Y:O:Y 7-Nov 7:26PM,07-Nov,7:26PM,YOYNPM
Y-O-H 9/Nov 12:01PM,09-Nov,12:01PM,YOHNPM
4:17PM 8-Nov Y/I/Y,08-Nov,4:17PM,PMNYIY
8:26AM 8-Nov Y-I-X,08-Nov,8:26AM,AMNYIX
12:43PM Y:O:X 9/Nov,09-Nov,12:43PM,PMYOXN
Y:O:X 9-Nov 5:37PM,09-Nov,5:37PM,YOXNPM
6-Nov 10:34PM Y/I/W,06-Nov,10:34PM,NPMYIW
Y-I-Y 9-Nov 11:42AM,09-Nov,11:42AM,YIYNAM
11:03AM Y-O-H 7-Nov,07-Nov,11:03AM,AMYOHN
2:57PM 6/Nov Y/I/W,06-Nov,2:57PM,PMNYIW
Y:I:Z 8:04PM 7-Nov,07-Nov,8:04PM,YIZPMN
2:09PM 6-Nov YOX,06-Nov,2:09PM,PMNYOX
Y-O-W 7-Nov 6:27PM,07-Nov,6:27PM,YOWNPM
Y:O:X 7-Nov 11:11AM,07-Nov,11:11AM,YOXNAM
2:02PM Y-I-X 10-Nov,10-Nov,2:02PM,PMYIXN
11:16AM Y/I/Y 7/Nov,07-Nov,11:16AM,AMYIYN
11:37PM 9/Nov YOZ,09-Nov,11:37PM,PMNYOZ
Y:O:X 6-Nov 10:42AM,06-Nov,10:42AM,YOXNAM
6/Nov 10:01AM YIH,06-Nov,10:01AM,NAMYIH
9/Nov Y:O:W 5:03PM,09-Nov,5:03PM,NYOWPM
7/Nov YOH 1:33PM,07-Nov,1:33PM,NYOHPM
YOW 8-Nov 6:47PM,08-Nov,6:47PM,YOWNPM
Y/I/H 12:09PM 10/Nov,10-Nov,12:09PM,YIHPMN
10/Nov 8:00AM Y:O:Y,10-Nov,8:00AM,NAMYOY
4:29PM 8/Nov YOZ,08-Nov,4:29PM,PMNYOZ
7-Nov Y:I:Z 7:03AM,07-Nov,7:03AM,NYIZAM
Y/I/W 9-Nov 9:30PM,09-Nov,9:30PM,YIWNPM
3:03PM 7/Nov Y/I/H,07-Nov,3:03PM,PMNYIH
Y/O/H 12:33PM 7-Nov,07-Nov,12:33PM,YOHPMN
6-Nov 10:41AM Y-I-Y,06-Nov,10:41AM,NAMYIY
5:32PM 6/Nov YIH,06-Nov,5:32PM,PMNYIH
10-Nov 10:33PM Y/I/W,10-Nov,10:33PM,NPMYIW
Y:O:Z 10/Nov 9:37PM,10-Nov,9:37PM,YOZNPM
Y/I/Y 4:41PM 9-Nov,09-Nov,4:41PM,YIYPMN
Y-O-H 10/Nov 8:20AM,10-Nov,8:20AM,YOHNAM
8/Nov 4:38PM Y:I:H,08-Nov,4:38PM,NPMYIH
6/Nov 11:10AM YOX,06-Nov,11:10AM,NAMYOX
8:46AM 7-Nov Y:I:W,07-Nov,8:46AM,AMNYIW
10-Nov 9:13PM Y:O:X,10-Nov,9:13PM,NPMYOX
Y/O/Z 7-Nov 1:04PM,07-Nov,1:04PM,YOZNPM
4:56PM 6/Nov Y/I/X,06-Nov,4:56PM,PMNYIX
9-Nov 7:01PM Y:I:Z,09-Nov,7:01PM,NPMYIZ
8-Nov 12:44PM Y/I/Y,08-Nov,12:44PM,NPMYIY
7/Nov Y/O/W 8:28AM,07-Nov,8:28AM,NYOWAM
YIX 7/Nov 9:27AM,07-Nov,9:27AM,YIXNAM
6-Nov Y/O/Z 5:55PM,06-Nov,5:55PM,NYOZPM
2:59PM Y:I:W 7/Nov,07-Nov,2:59PM,PMYIWN
9-Nov Y/I/H 10:35AM,09-Nov,10:35AM,NYIHAM
9:58AM 6/Nov YIW,06-Nov,9:58AM,AMNYIW
9-Nov Y/O/Z 6:01PM,09-Nov,6:01PM,NYOZPM
1:31PM Y/O/H 6-Nov,06-Nov,1:31PM,PMYOHN
YIH 6/Nov 11:34PM,06-Nov,11:34PM,YIHNPM
7/Nov 9:03PM Y/O/H,07-Nov,9:03PM,NPMYOH
YIZ 10:02PM 8-Nov,08-Nov,10:02PM,YIZPMN
8-Nov 8:21PM YOY,08-Nov,8:21PM,NPMYOY
9:08AM 6/Nov YOX,06-Nov,9:08AM,AMNYOX
Y/O/Y 6-Nov 2:53PM,06-Nov,2:53PM,YOYNPM
10-Nov 10:00AM Y-I-X,10-Nov,10:00AM,NAMYIX
Y-I-W 10/Nov 7:54AM,10-Nov,7:54AM,YIWNAM
Y/I/X 9/Nov 2:55PM,09-Nov,2:55PM,YIXNPM
9:11AM 9/Nov Y:O:X,09-Nov,9:11AM,AMNYOX
8-Nov Y:I:W 5:35PM,08-Nov,5:35PM,NYIWPM
Y/I/Z 8:03AM 9-Nov,09-Nov,8:03AM,YIZAMN
6-Nov Y:I:X 8:24PM,06-Nov,8:24PM,NYIXPM
6/Nov 8:56AM YIW,06-Nov,8:56AM,NAMYIW
Y:O:H 8-Nov 3:00PM,08-Nov,3:00PM,YOHNPM
10-Nov 12:05PM Y:I:W,10-Nov,12:05PM,NPMYIW
7-Nov 10:01AM Y-I-Z,07-Nov,10:01AM,NAMYIZ
Y/O/H 10:00PM 6/Nov,06-Nov,10:00PM,YOHPMN
10-Nov 1:29PM Y/I/W,10-Nov,1:29PM,NPMYIW
5:00PM 10-Nov Y-I-H,10-Nov,5:00PM,PMNYIH
7:38AM Y-I-H 8/Nov,08-Nov,7:38AM,AMYIHN
1:34PM 8/Nov Y/I/Z,08-Nov,1:34PM,PMNYIZ
Y:I:X 9-Nov 2:24PM,09-Nov,2:24PM,YIXNPM
Y-O-X 10/Nov 4:17PM,10-Nov,4:17PM,YOXNPM
Y/I/H 8:51AM 7-Nov,07-Nov,8:51AM,YIHAMN
9/Nov 5:16PM Y/O/Y,09-Nov,5:16PM,NPMYOY
8:04AM YIZ 10-Nov,10-Nov,8:04AM,AMYIZN
11:31AM 9-Nov Y/O/H,09-Nov,11:31AM,AMNYOH
10:20PM 6/Nov Y-O-Y,06-Nov,10:20PM,PMNYOY
7-Nov 2:14PM YIY,07-Nov,2:14PM,NPMYIY
Y-I-X 6/Nov 2:52PM,06-Nov,2:52PM,YIXNPM
5:33PM 7/Nov Y/I/H,07-Nov,5:33PM,PMNYIH
6-Nov 8:10AM Y/I/W,06-Nov,8:10AM,NAMYIW
6:51PM 10/Nov Y/O/X,10-Nov,6:51PM,PMNYOX
9:56AM 6/Nov Y:O:Y,06-Nov,9:56AM,AMNYOY
10-Nov YOZ 10:39PM,10-Nov,10:39PM,NYOZPM
Y-I-H 2:33PM 9-Nov,09-Nov,2:33PM,YIHPMN
9/Nov 1:08PM Y:O:W,09-Nov,1:08PM,NPMYOW
8-Nov Y-I-Z 11:04AM,08-Nov,11:04AM,NYIZAM
9/Nov Y-I-W 10:28PM,09-Nov,10:28PM,NYIWPM
7-Nov YOZ 11:12AM,07-Nov,11:12AM,NYOZAM
Y-O-X 7:11PM 9-Nov,09-Nov,7:11PM,YOXPMN
8-Nov Y:O:X 6:37PM,08-Nov,6:37PM,NYOXPM
10/Nov 7:12AM Y/O/X,10-Nov,7:12AM,NAMYOX
11:08AM Y-I-H 9/Nov,09-Nov,11:08AM,AMYIHN
8/Nov 5:05PM Y/O/W,08-Nov,5:05PM,NPMYOW
Y/O/Z 8/Nov 3:33PM,08-Nov,3:33PM,YOZNPM
7/Nov 11:25AM Y/I/X,07-Nov,11:25AM,NAMYIX
9:36AM Y/O/W 8-Nov,08-Nov,9:36AM,AMYOWN
10:24AM 9-Nov YOY,09-Nov,10:24AM,AMNYOY
Y-I-W 9/Nov 7:53AM,09-Nov,7:53AM,YIWNAM
Y/O/H 6-Nov 6:02PM,06-Nov,6:02PM,YOHNPM
Y/I/W 7:27PM 6/Nov,06-Nov,7:27PM,YIWPMN
12:15PM 9-Nov Y-O-X,09-Nov,12:15PM,PMNYOX
Y/I/W 7/Nov 9:08AM,07-Nov,9:08AM,YIWNAM
YIY 7/Nov 3:44PM,07-Nov,3:44PM,YIYNPM
Y:I:X 8-Nov 11:22PM,08-Nov,11:22PM,YIXNPM
9/Nov 11:00AM YOH,09-Nov,11:00AM,NAMYOH
10:04PM 6/Nov YIZ,06-Nov,10:04PM,PMNYIZ
8-Nov Y/I/X 9:07AM,08-Nov,9:07AM,NYIXAM
Y/O/Y 7/Nov 9:48AM,07-Nov,9:48AM,YOYNAM
10-Nov YOY 3:20PM,10-Nov,3:20PM,NYOYPM
3:04PM 10/Nov Y:I:Z,10-Nov,3:04PM,PMNYIZ
Y/O/Y 7:20AM 9-Nov,09-Nov,7:20AM,YOYAMN
8-Nov Y-I-Y 8:12PM,08-Nov,8:12PM,NYIYPM
YIY 11:51AM 10-Nov,10-Nov,11:51AM,YIYAMN
9-Nov Y:O:Z 6:56PM,09-Nov,6:56PM,NYOZPM
YOY 11:19PM 8/Nov,08-Nov,11:19PM,YOYPMN
9/Nov Y/O/X 6:56PM,09-Nov,6:56PM,NYOXPM
6/Nov 8:40AM Y:I:Y,06-Nov,8:40AM,NAMYIY
YOX 5:12PM 8-Nov,08-Nov,5:12PM,YOXPMN
8:23AM Y-I-X 7/Nov,07-Nov,8:23AM,AMYIXN
Y-O-H 4:33PM 10-Nov,10-Nov,4:33PM,YOHPMN
9/Nov Y-O-X 10:37AM,09-Nov,10:37AM,NYOXAM
9-Nov YOW 7:04AM,09-Nov,7:04AM,NYOWAM
7-Nov 7:08PM Y-O-W,07-Nov,7:08PM,NPMYOW
11:38AM 7-Nov Y-O-W,07-Nov,11:38AM,AMNYOW
7-Nov Y-O-Y 8:21PM,07-Nov,8:21PM,NYOYPM
9:53AM Y:O:Y 10-Nov,10-Nov,9:53AM,AMYOYN
Y:O:W 7-Nov 1:04PM,07-Nov,1:04PM,YOWNPM
Y/O/H 7:03PM 7/Nov,07-Nov,7:03PM,YOHPMN
9-Nov Y-I-X 9:09AM,09-Nov,9:09AM,NYIXAM
10-Nov Y-I-Y 3:19PM,10-Nov,3:19PM,NYIYPM
9:22AM 7-Nov Y:O:Y,07-Nov,9:22AM,AMNYOY
4:02PM YOH 8/Nov,08-Nov,4:02PM,PMYOHN
10:59AM Y/I/X 9-Nov,09-Nov,10:59AM,AMYIXN
5:39PM Y-I-Z 8-Nov,08-Nov,5:39PM,PMYIZN
7:18PM 7-Nov Y:I:Y,07-Nov,7:18PM,PMNYIY
6/Nov YIY 7:38AM,06-Nov,7:38AM,NYIYAM
8:33AM 10-Nov Y-O-X,10-Nov,8:33AM,AMNYOX
10-Nov Y:I:H 4:30PM,10-Nov,4:30PM,NYIHPM
Y:O:Y 9-Nov 10:45AM,09-Nov,10:45AM,YOYNAM
10/Nov Y-O-H 6:22PM,10-Nov,6:22PM,NYOHPM
7-Nov 5:00PM YIZ,07-Nov,5:00PM,NPMYIZ
Y-I-W 10/Nov 8:32PM,10-Nov,8:32PM,YIWNPM
8/Nov Y/I/Z 1:05PM,08-Nov,1:05PM,NYIZPM
Y-I-Z 5:44PM 7/Nov,07-Nov,5:44PM,YIZPMN
YIY 6/Nov 9:17AM,06-Nov,9:17AM,YIYNAM
Y/O/Z 6-Nov 10:33AM,06-Nov,10:33AM,YOZNAM
3:03PM Y:I:Z 9/Nov,09-Nov,3:03PM,PMYIZN
YOW 6/Nov 1:36PM,06-Nov,1:36PM,YOWNPM
6-Nov Y-I-Y 4:44PM,06-Nov,4:44PM,NYIYPM
6-Nov 6:02PM Y:O:Y,06-Nov,6:02PM,NPMYOY
Y:I:H 7/Nov 9:13AM,07-Nov,9:13AM,YIHNAM
7:05PM Y-O-Z 8/Nov,08-Nov,7:05PM,PMYOZN
8-Nov YIY 3:13PM,08-Nov,3:13PM,NYIYPM
Y:I:W 8/Nov 9:37PM,08-Nov,9:37PM,YIWNPM
12:38PM 8/Nov YOX,08-Nov,12:38PM,PMNYOX
YOZ 7/Nov 8:13AM,07-Nov,8:13AM,YOZNAM
Y/O/H 7:00PM 9/Nov,09-Nov,7:00PM,YOHPMN
10:53AM Y/I/X 6/Nov,06-Nov,10:53AM,AMYIXN
1:08PM Y-O-Z 10/Nov,10-Nov,1:08PM,PMYOZN
YOZ 9/Nov 10:38PM,09-Nov,10:38PM,YOZNPM
7-Nov Y/O/Y 7:24AM,07-Nov,7:24AM,NYOYAM
10/Nov Y/I/Y 8:15PM,10-Nov,8:15PM,NYIYPM
3:30PM Y-O-H 7/Nov,07-Nov,3:30PM,PMYOHN
8:40AM 10-Nov Y:O:Y,10-Nov,8:40AM,AMNYOY
6/Nov Y:I:Y 6:41PM,06-Nov,6:41PM,NYIYPM
Y-O-W 9/Nov 10:33AM,09-Nov,10:33AM,YOWNAM
YOZ 5:59PM 10-Nov,10-Nov,5:59PM,YOZPMN
9:08PM YOW 7/Nov,07-Nov,9:08PM,PMYOWN
6:03PM Y-O-H 10/Nov,10-Nov,6:03PM,PMYOHN
Y:I:W 8:32PM 9/Nov,09-Nov,8:32PM,YIWPMN
3:03PM Y/O/W 9/Nov,09-Nov,3:03PM,PMYOWN
12:05PM 9/Nov Y/I/Z,09-Nov,12:05PM,PMNYIZ
6-Nov YOX 4:43PM,06-Nov,4:43PM,NYOXPM
Y:O:X 10-Nov 5:53PM,10-Nov,5:53PM,YOXNPM
9/Nov 10:13AM Y/I/Y,09-Nov,10:13AM,NAMYIY
5:55PM 8/Nov Y/O/X,08-Nov,5:55PM,PMNYOX
9:32PM 6-Nov Y-I-H,06-Nov,9:32PM,PMNYIH
7-Nov Y/I/Z 8:41AM,07-Nov,8:41AM,NYIZAM
10-Nov Y:I:W 10:06AM,10-Nov,10:06AM,NYIWAM
YOX 4:11PM 8-Nov,08-Nov,4:11PM,YOXPMN
Y:O:H 10-Nov 12:32PM,10-Nov,12:32PM,YOHNPM
Y-O-H 3:30PM 8-Nov,08-Nov,3:30PM,YOHPMN
4:48PM 7/Nov Y/I/Y,07-Nov,4:48PM,PMNYIY
Y/O/Z 9/Nov 8:40PM,09-Nov,8:40PM,YOZNPM
9/Nov Y-I-Z 6:19PM,09-Nov,6:19PM,NYIZPM
3:11PM Y/O/X 6-Nov,06-Nov,3:11PM,PMYOXN
6/Nov Y:I:H 7:39AM,06-Nov,7:39AM,NYIHAM
Y:O:Y 3:50PM 10-Nov,10-Nov,3:50PM,YOYPMN
8-Nov 9:35PM YOZ,08-Nov,9:35PM,NPMYOZ
Y:O:X 8-Nov 3:43PM,08-Nov,3:43PM,YOXNPM
Y:I:Y 6-Nov 3:21PM,06-Nov,3:21PM,YIYNPM
9/Nov 3:56PM Y:O:Y,09-Nov,3:56PM,NPMYOY
YIX 10:22AM 9/Nov,09-Nov,10:22AM,YIXAMN
11:51AM 6/Nov Y:O:Y,06-Nov,11:51AM,AMNYOY
Y:I:Z 10/Nov 7:25AM,10-Nov,7:25AM,YIZNAM
2:14PM 6-Nov Y-I-Y,06-Nov,2:14PM,PMNYIY
9-Nov Y/I/X 7:22PM,09-Nov,7:22PM,NYIXPM
8:04AM 9/Nov Y/O/Y,09-Nov,8:04AM,AMNYOY
9/Nov Y-O-W 3:37PM,09-Nov,3:37PM,NYOWPM
10:16AM 9/Nov YOX,09-Nov,10:16AM,AMNYOX
11:36AM 8-Nov Y/O/Z,08-Nov,11:36AM,AMNYOZ
Y:O:X 4:11PM 6-Nov,06-Nov,4:11PM,YOXPMN
10-Nov Y-O-Y 1:24PM,10-Nov,1:24PM,NYOYPM
3:28PM YIX 6/Nov,06-Nov,3:28PM,PMYIXN
Y:I:X 4:33PM 9-Nov,09-Nov,4:33PM,YIXPMN
Y-O-Z 10-Nov 8:41PM,10-Nov,8:41PM,YOZNPM
12:27PM 10/Nov Y/I/X,10-Nov,12:27PM,PMNYIX
9/Nov 5:29PM Y:O:Z,09-Nov,5:29PM,NPMYOZ
YIY 9-Nov 2:12PM,09-Nov,2:12PM,YIYNPM
YOW 5:27PM 8/Nov,08-Nov,5:27PM,YOWPMN
Y-O-X 9-Nov 7:55AM,09-Nov,7:55AM,YOXNAM
6-Nov Y:O:Z 5:37PM,06-Nov,5:37PM,NYOZPM
6-Nov 3:37PM Y/I/H,06-Nov,3:37PM,NPMYIH
11:08AM 7-Nov Y:I:W,07-Nov,11:08AM,AMNYIW
YIX 7:47AM 10-Nov,10-Nov,7:47AM,YIXAMN
12:06PM 9/Nov YOZ,09-Nov,12:06PM,PMNYOZ
7/Nov Y-I-W 9:39PM,07-Nov,9:39PM,NYIWPM
YIZ 9/Nov 5:05PM,09-Nov,5:05PM,YIZNPM
Y/I/X 8:01AM 8/Nov,08-Nov,8:01AM,YIXAMN
10/Nov Y/I/Z 4:00PM,10-Nov,4:00PM,NYIZPM
10-Nov 1:42PM Y/O/X,10-Nov,1:42PM,NPMYOX
Y:O:Y 6:24PM 6/Nov,06-Nov,6:24PM,YOYPMN
Y/I/H 9/Nov 11:37PM,09-Nov,11:37PM,YIHNPM
Y/I/Z 8:45AM 9/Nov,09-Nov,8:45AM,YIZAMN
7-Nov Y/I/X 1:56PM,07-Nov,1:56PM,NYIXPM
Y/O/H 7:03AM 8/Nov,08-Nov,7:03AM,YOHAMN
7:02PM 6/Nov Y-I-Z,06-Nov,7:02PM,PMNYIZ
Y/I/H 7/Nov 8:19AM,07-Nov,8:19AM,YIHNAM
6-Nov Y-O-Z 6:18PM,06-Nov,6:18PM,NYOZPM
7/Nov Y:I:W 4:31PM,07-Nov,4:31PM,NYIWPM
Y-I-W 4:55PM 9-Nov,09-Nov,4:55PM,YIWPMN
8-Nov 8:50AM YIW,08-Nov,8:50AM,NAMYIW
Y:O:W 9:07PM 8-Nov,08-Nov,9:07PM,YOWPMN
11:13AM 7/Nov Y-I-H,07-Nov,11:13AM,AMNYIH
Y-I-H 6/Nov 11:03AM,06-Nov,11:03AM,YIHNAM
1:05PM Y/O/Z 6/Nov,06-Nov,1:05PM,PMYOZN
8-Nov Y/I/Z 4:03PM,08-Nov,4:03PM,NYIZPM
8:29AM Y:I:W 7-Nov,07-Nov,8:29AM,AMYIWN
9/Nov Y/I/X 8:05AM,09-Nov,8:05AM,NYIXAM
7-Nov 2:01PM Y-O-H,07-Nov,2:01PM,NPMYOH
6:10PM 6/Nov YIX,06-Nov,6:10PM,PMNYIX
6/Nov 4:33PM Y:O:H,06-Nov,4:33PM,NPMYOH
Y-O-Y 9-Nov 12:53PM,09-Nov,12:53PM,YOYNPM
1:31PM Y-I-X 8/Nov,08-Nov,1:31PM,PMYIXN
9:41AM 8-Nov Y/O/X,08-Nov,9:41AM,AMNYOX
7-Nov 5:37PM Y/O/Y,07-Nov,5:37PM,NPMYOY
Y:O:Y 8:43AM 7/Nov,07-Nov,8:43AM,YOYAMN
8:41AM Y/I/Z 8/Nov,08-Nov,8:41AM,AMYIZN
6/Nov 11:57AM Y/I/X,06-Nov,11:57AM,NAMYIX
10-Nov Y-I-W 11:29AM,10-Nov,11:29AM,NYIWAM
Y-O-H 6-Nov 2:31PM,06-Nov,2:31PM,YOHNPM
Y:O:Z 7-Nov 8:33PM,07-Nov,8:33PM,YOZNPM
9-Nov Y-O-Y 8:28PM,09-Nov,8:28PM,NYOYPM
8-Nov YOY 4:52PM,08-Nov,4:52PM,NYOYPM
Y-O-Y 6/Nov 8:18PM,06-Nov,8:18PM,YOYNPM
Y:I:X 7/Nov 10:22PM,07-Nov,10:22PM,YIXNPM
9/Nov 10:23PM Y/I/X,09-Nov,10:23PM,NPMYIX
9:53AM 8/Nov Y:I:X,08-Nov,9:53AM,AMNYIX
7/Nov 7:33AM Y/I/W,07-Nov,7:33AM,NAMYIW
11:42PM YIH 10/Nov,10-Nov,11:42PM,PMYIHN
8:47AM Y/I/X 9/Nov,09-Nov,8:47AM,AMYIXN
6/Nov 1:18PM Y/I/Y,06-Nov,1:18PM,NPMYIY
12:15PM 8-Nov Y/I/Y,08-Nov,12:15PM,PMNYIY
7-Nov 2:29PM YIZ,07-Nov,2:29PM,NPMYIZ
9/Nov 1:42PM YOX,09-Nov,1:42PM,NPMYOX
9-Nov Y/I/Z 4:31PM,09-Nov,4:31PM,NYIZPM
8:25AM 6/Nov Y-I-X,06-Nov,8:25AM,AMNYIX
5:33PM Y-I-W 10-Nov,10-Nov,5:33PM,PMYIWN
7/Nov Y:O:W 5:24PM,07-Nov,5:24PM,NYOWPM
10:28AM 10/Nov Y-I-X,10-Nov,10:28AM,AMNYIX
8-Nov Y-I-W 12:05PM,08-Nov,12:05PM,NYIWPM
Y:I:Z 6/Nov 7:24AM,06-Nov,7:24AM,YIZNAM
10-Nov 11:39AM Y/O/X,10-Nov,11:39AM,NAMYOX
10-Nov YOW 7:06AM,10-Nov,7:06AM,NYOWAM
4:18PM 8/Nov YOY,08-Nov,4:18PM,PMNYOY
9-Nov YIY 12:45PM,09-Nov,12:45PM,NYIYPM
Y:O:Y 6/Nov 11:21AM,06-Nov,11:21AM,YOYNAM
4:13PM 9/Nov YOX,09-Nov,4:13PM,PMNYOX
Y/I/H 3:09PM 8-Nov,08-Nov,3:09PM,YIHPMN
YOW 7:46AM 7-Nov,07-Nov,7:46AM,YOWAMN
1:34PM Y:I:H 6/Nov,06-Nov,1:34PM,PMYIHN
2:54PM 10/Nov YOY,10-Nov,2:54PM,PMNYOY
8:26AM Y/I/X 9-Nov,09-Nov,8:26AM,AMYIXN
Y:O:Y 12:21PM 6-Nov,06-Nov,12:21PM,YOYPMN
6-Nov 5:50PM Y:O:X,06-Nov,5:50PM,NPMYOX
10-Nov Y-I-W 9:12AM,10-Nov,9:12AM,NYIWAM
YIH 1:44PM 8-Nov,08-Nov,1:44PM,YIHPMN
7/Nov 10:34PM Y-I-H,07-Nov,10:34PM,NPMYIH
10-Nov 4:38PM Y/O/W,10-Nov,4:38PM,NPMYOW
3:40PM Y-I-H 7/Nov,07-Nov,3:40PM,PMYIHN
6/Nov 9:15PM Y-I-Y,06-Nov,9:15PM,NPMYIY
7-Nov Y:O:H 5:00PM,07-Nov,5:00PM,NYOHPM
7-Nov YIW 2:28PM,07-Nov,2:28PM,NYIWPM
YOY 7/Nov 12:23PM,07-Nov,12:23PM,YOYNPM
9:27AM 8-Nov YIX,08-Nov,9:27AM,AMNYIX
2:00PM Y-O-H 10-Nov,10-Nov,2:00PM,PMYOHN
6:47PM 9-Nov Y:O:W,09-Nov,6:47PM,PMNYOW
4:07PM 9/Nov YIH,09-Nov,4:07PM,PMNYIH
2:00PM Y-I-H 6-Nov,06-Nov,2:00PM,PMYIHN
9/Nov Y:O:W 6:07PM,09-Nov,6:07PM,NYOWPM
12:23PM 9-Nov YOY,09-Nov,12:23PM,PMNYOY
8/Nov 9:59AM Y/I/W,08-Nov,9:59AM,NAMYIW
9/Nov YIH 5:43PM,09-Nov,5:43PM,NYIHPM
6-Nov 2:35PM Y/I/Z,06-Nov,2:35PM,NPMYIZ
4:33PM 6/Nov Y-I-H,06-Nov,4:33PM,PMNYIH
Y:O:X 3:07PM 9/Nov,09-Nov,3:07PM,YOXPMN
7-Nov YIH 2:06PM,07-Nov,2:06PM,NYIHPM
7/Nov 8:59AM Y:O:Z,07-Nov,8:59AM,NAMYOZ
7:00AM Y:O:H 9/Nov,09-Nov,7:00AM,AMYOHN
7/Nov Y-I-W 11:59AM,07-Nov,11:59AM,NYIWAM
3:56PM 9-Nov Y/I/X,09-Nov,3:56PM,PMNYIX
1:35PM Y-O-W 8/Nov,08-Nov,1:35PM,PMYOWN
11:38AM 6-Nov YOZ,06-Nov,11:38AM,AMNYOZ
3:57PM 7-Nov Y-I-X,07-Nov,3:57PM,PMNYIX
9:33AM 7-Nov Y/I/W,07-Nov,9:33AM,AMNYIW
8:30PM 6/Nov Y/O/Z,06-Nov,8:30PM,PMNYOZ
Y-O-Z 4:02PM 7/Nov,07-Nov,4:02PM,YOZPMN
10-Nov 6:23PM YOY,10-Nov,6:23PM,NPMYOY
12:10PM YIH 8/Nov,08-Nov,12:10PM,PMYIHN
2:17PM 8/Nov Y/O/Y,08-Nov,2:17PM,PMNYOY
5:43PM 10/Nov YOH,10-Nov,5:43PM,PMNYOH
6/Nov Y/O/Z 7:38AM,06-Nov,7:38AM,NYOZAM
Y/O/Z 8/Nov 8:10AM,08-Nov,8:10AM,YOZNAM
10:07PM YOW 9/Nov,09-Nov,10:07PM,PMYOWN
9:36AM 9-Nov Y:O:W,09-Nov,9:36AM,AMNYOW
Y-O-H 7-Nov 10:03PM,07-Nov,10:03PM,YOHNPM
10:04AM Y:O:W 10/Nov,10-Nov,10:04AM,AMYOWN
10:00AM Y/O/H 10-Nov,10-Nov,10:00AM,AMYOHN
Y/O/Y 10-Nov 5:16PM,10-Nov,5:16PM,YOYNPM
10/Nov 7:52AM Y-O-X,10-Nov,7:52AM,NAMYOX
7-Nov Y-I-W 10:29PM,07-Nov,10:29PM,NYIWPM
YOX 9:14AM 10-Nov,10-Nov,9:14AM,YOXAMN
11:54AM 9/Nov Y:O:Y,09-Nov,11:54AM,AMNYOY
6-Nov 10:05PM YOW,06-Nov,10:05PM,NPMYOW
11:12AM 10/Nov Y:O:X,10-Nov,11:12AM,AMNYOX
2:34PM Y:I:Z 8-Nov,08-Nov,2:34PM,PMYIZN
Y:I:W 10:01AM 7/Nov,07-Nov,10:01AM,YIWAMN
Y/O/X 12:11PM 10-Nov,10-Nov,12:11PM,YOXPMN
10:31AM 9/Nov Y/I/Z,09-Nov,10:31AM,AMNYIZ
Y:O:X 7/Nov 10:16PM,07-Nov,10:16PM,YOXNPM
9-Nov 5:45PM Y-O-W,09-Nov,5:45PM,NPMYOW
6:14PM 7/Nov Y/I/W,07-Nov,6:14PM,PMNYIW
6/Nov YIH 10:37PM,06-Nov,10:37PM,NYIHPM
12:15PM YIY 10/Nov,10-Nov,12:15PM,PMYIYN
11:19AM Y-O-Y 8-Nov,08-Nov,11:19AM,AMYOYN
10:58AM Y/O/Y 7-Nov,07-Nov,10:58AM,AMYOYN
7:45AM 7/Nov Y-I-Z,07-Nov,7:45AM,AMNYIZ
10/Nov Y-I-Z 11:35AM,10-Nov,11:35AM,NYIZAM
12:00PM 8-Nov YIZ,08-Nov,12:00PM,PMNYIZ
YOY 1:51PM 6-Nov,06-Nov,1:51PM,YOYPMN
6-Nov 11:16AM Y:I:Y,06-Nov,11:16AM,NAMYIY
Y:O:H 10/Nov 11:02AM,10-Nov,11:02AM,YOHNAM
8:11AM 8/Nov Y-I-H,08-Nov,8:11AM,AMNYIH
Y-O-Y 6-Nov 9:14AM,06-Nov,9:14AM,YOYNAM
Y/I/W 9/Nov 9:31AM,09-Nov,9:31AM,YIWNAM
10/Nov 12:03PM YOW,10-Nov,12:03PM,NPMYOW
Y/I/Z 4:29PM 8/Nov,08-Nov,4:29PM,YIZPMN
Y-I-X 10-Nov 10:27PM,10-Nov,10:27PM,YIXNPM
9:07AM YOW 9-Nov,09-Nov,9:07AM,AMYOWN
8:16AM YOZ 9/Nov,09-Nov,8:16AM,AMYOZN
7/Nov Y:I:X 6:09PM,07-Nov,6:09PM,NYIXPM
Y/O/Z 10-Nov 8:17AM,10-Nov,8:17AM,YOZNAM
11:07PM 8-Nov Y/O/X,08-Nov,11:07PM,PMNYOX
9/Nov 5:39PM Y:I:Z,09-Nov,5:39PM,NPMYIZ
YIH 6:10PM 8/Nov,08-Nov,6:10PM,YIHPMN
Y/O/H 8:23AM 9-Nov,09-Nov,8:23AM,YOHAMN
10:05AM Y:I:H 8/Nov,08-Nov,10:05AM,AMYIHN
8/Nov 3:32PM YIH,08-Nov,3:32PM,NPMYIH
6:23PM 7-Nov Y:O:H,07-Nov,6:23PM,PMNYOH
Y:O:X 9:10PM 9/Nov,09-Nov,9:10PM,YOXPMN
8:25AM 6-Nov Y-O-W,06-Nov,8:25AM,AMNYOW
9:31AM 8-Nov Y:I:Z,08-Nov,9:31AM,AMNYIZ
9-Nov 4:13PM Y/O/Z,09-Nov,4:13PM,NPMYOZ
Y-O-Z 6-Nov 7:33PM,06-Nov,7:33PM,YOZNPM
Y:O:X 7-Nov 9:41AM,07-Nov,9:41AM,YOXNAM
7/Nov Y-O-H 10:00AM,07-Nov,10:00AM,NYOHAM
8/Nov Y/O/H 10:31AM,08-Nov,10:31AM,NYOHAM
8:09AM 7-Nov Y-I-X,07-Nov,8:09AM,AMNYIX
YIY 7:13AM 10-Nov,10-Nov,7:13AM,YIYAMN
Y/I/Y 8:00AM 7/Nov,07-Nov,8:00AM,YIYAMN
8/Nov Y/O/X 1:39PM,08-Nov,1:39PM,NYOXPM
10:10AM 10/Nov Y:I:H,10-Nov,10:10AM,AMNYIH
3:34PM 8/Nov Y:O:W,08-Nov,3:34PM,PMNYOW
3:32PM Y/O/H 10-Nov,10-Nov,3:32PM,PMYOHN
6:49PM Y:O:Y 8/Nov,08-Nov,6:49PM,PMYOYN
6:06PM Y/O/W 10-Nov,10-Nov,6:06PM,PMYOWN
11:15AM Y:O:X 9-Nov,09-Nov,11:15AM,AMYOXN
Y/O/X 6/Nov 1:09PM,06-Nov,1:09PM,YOXNPM
8:25PM 7-Nov Y/I/X,07-Nov,8:25PM,PMNYIX
4:34PM YIZ 7/Nov,07-Nov,4:34PM,PMYIZN
6:43PM Y-O-H 9/Nov,09-Nov,6:43PM,PMYOHN
Y:O:H 10:31AM 6-Nov,06-Nov,10:31AM,YOHAMN
11:05PM Y-I-Z 6/Nov,06-Nov,11:05PM,PMYIZN
9/Nov Y:I:X 3:23PM,09-Nov,3:23PM,NYIXPM
10-Nov 4:27PM Y/O/Y,10-Nov,4:27PM,NPMYOY
YIW 11:34AM 9/Nov,09-Nov,11:34AM,YIWAMN
10/Nov 11:33AM YIH,10-Nov,11:33AM,NAMYIH
7/Nov 4:03PM Y:I:W,07-Nov,4:03PM,NPMYIW
Y/O/W 9:05AM 10/Nov,10-Nov,9:05AM,YOWAMN
Y-O-H 6/Nov 12:32PM,06-Nov,12:32PM,YOHNPM
YOY 7-Nov 7:00PM,07-Nov,7:00PM,YOYNPM
YOW 8-Nov 12:06PM,08-Nov,12:06PM,YOWNPM
7/Nov 5:11PM Y:I:H,07-Nov,5:11PM,NPMYIH
9/Nov Y-O-Z 10:38AM,09-Nov,10:38AM,NYOZAM
Y:I:X 8-Nov 5:58PM,08-Nov,5:58PM,YIXNPM
Y-I-H 8:35PM 8/Nov,08-Nov,8:35PM,YIHPMN
YIW 7:00PM 6-Nov,06-Nov,7:00PM,YIWPMN
Y:O:Z 10-Nov 6:53PM,10-Nov,6:53PM,YOZNPM
9-Nov Y-O-Y 5:46PM,09-Nov,5:46PM,NYOYPM
9/Nov 7:23AM Y-I-Z,09-Nov,7:23AM,NAMYIZ
Y-I-Z 12:59PM 9/Nov,09-Nov,12:59PM,YIZPMN
Y-I-Y 11:16PM 7/Nov,07-Nov,11:16PM,YIYPMN
9:33PM 10/Nov Y/I/W,10-Nov,9:33PM,PMNYIW
Y-O-H 6:22PM 9/Nov,09-Nov,6:22PM,YOHPMN
8-Nov Y/I/H 9:44PM,08-Nov,9:44PM,NYIHPM
8/Nov YOX 10:13PM,08-Nov,10:13PM,NYOXPM
Y:I:W 11:00AM 6/Nov,06-Nov,11:00AM,YIWAMN
6-Nov 10:59AM Y:O:Z,06-Nov,10:59AM,NAMYOZ
10-Nov Y-O-H 11:32AM,10-Nov,11:32AM,NYOHAM
5:28PM 10/Nov Y-O-W,10-Nov,5:28PM,PMNYOW
Y:I:W 6:12PM 10/Nov,10-Nov,6:12PM,YIWPMN
9:32AM Y/I/Z 9/Nov,09-Nov,9:32AM,AMYIZN
8/Nov 2:46PM Y:I:Y,08-Nov,2:46PM,NPMYIY
YIY 6-Nov 12:11PM,06-Nov,12:11PM,YIYNPM
6-Nov 10:09AM Y-O-X,06-Nov,10:09AM,NAMYOX
1:20PM Y/I/Y 8/Nov,08-Nov,1:20PM,PMYIYN
8-Nov 10:24AM Y/I/X,08-Nov,10:24AM,NAMYIX
Y-I-X 7/Nov 9:02AM,07-Nov,9:02AM,YIXNAM
7-Nov Y-I-Z 9:05PM,07-Nov,9:05PM,NYIZPM
Y:O:H 8/Nov 9:33AM,08-Nov,9:33AM,YOHNAM
YIW 6/Nov 9:35AM,06-Nov,9:35AM,YIWNAM
4:35PM 7/Nov Y-I-H,07-Nov,4:35PM,PMNYIH
9-Nov YIH 12:07PM,09-Nov,12:07PM,NYIHPM
Y:O:H 9:00AM 8/Nov,08-Nov,9:00AM,YOHAMN
2:17PM Y-O-Y 6-Nov,06-Nov,2:17PM,PMYOYN
10:05PM 8-Nov Y/O/W,08-Nov,10:05PM,PMNYOW
YOY 8/Nov 8:39AM,08-Nov,8:39AM,YOYNAM
6:37PM 7/Nov YOZ,07-Nov,6:37PM,PMNYOZ
2:59PM Y/I/Z 8/Nov,08-Nov,2:59PM,PMYIZN
11:19AM 10-Nov YOY,10-Nov,11:19AM,AMNYOY
10:22PM YOY 10/Nov,10-Nov,10:22PM,PMYOYN
Y/O/X 7/Nov 4:42PM,07-Nov,4:42PM,YOXNPM
9/Nov 5:23PM Y-O-H,09-Nov,5:23PM,NPMYOH
YIX 9-Nov 9:24AM,09-Nov,9:24AM,YIXNAM
1:32PM Y/I/W 7/Nov,07-Nov,1:32PM,PMYIWN
11:46AM Y:O:Y 10/Nov,10-Nov,11:46AM,AMYOYN
6-Nov 9:02AM Y/I/H,06-Nov,9:02AM,NAMYIH
10:29AM Y:I:Z 8-Nov,08-Nov,10:29AM,AMYIZN
7/Nov Y-O-H 3:00PM,07-Nov,3:00PM,NYOHPM
12:17PM 9-Nov Y:I:Y,09-Nov,12:17PM,PMNYIY
10-Nov 8:50AM Y/I/W,10-Nov,8:50AM,NAMYIW
Y:O:X 2:43PM 10/Nov,10-Nov,2:43PM,YOXPMN
8-Nov Y/O/X 10:40AM,08-Nov,10:40AM,NYOXAM
Y-I-Y 6-Nov 8:55AM,06-Nov,8:55AM,YIYNAM
Y-I-Z 11:04PM 7/Nov,07-Nov,11:04PM,YIZPMN
Y/O/Y 11:23PM 7/Nov,07-Nov,11:23PM,YOYPMN
9/Nov 11:26AM YOY,09-Nov,11:26AM,NAMYOY
Y-I-X 12:22PM 6/Nov,06-Nov,12:22PM,YIXPMN
Y:O:Y 7/Nov 1:21PM,07-Nov,1:21PM,YOYNPM
YOZ 7/Nov 12:39PM,07-Nov,12:39PM,YOZNPM
Y:I:Z 9-Nov 8:02PM,09-Nov,8:02PM,YIZNPM
Y-O-H 11:03PM 9-Nov,09-Nov,11:03PM,YOHPMN
8:55AM 10-Nov Y-O-Z,10-Nov,8:55AM,AMNYOZ
7/Nov Y:I:H 4:07PM,07-Nov,4:07PM,NYIHPM
10:37PM Y-O-Z 7/Nov,07-Nov,10:37PM,PMYOZN
11:37AM Y/O/Z 9/Nov,09-Nov,11:37AM,AMYOZN
10-Nov YOY 7:23AM,10-Nov,7:23AM,NYOYAM
6/Nov 9:13PM Y/O/X,06-Nov,9:13PM,NPMYOX
8:53AM Y-O-Z 8/Nov,08-Nov,8:53AM,AMYOZN
10-Nov 1:06PM Y/O/W,10-Nov,1:06PM,NPMYOW
12:01PM YIW 9/Nov,09-Nov,12:01PM,PMYIWN
8:34AM YIH 6/Nov,06-Nov,8:34AM,AMYIHN
Y-O-W 9-Nov 8:27AM,09-Nov,8:27AM,YOWNAM
7:26AM YIX 8-Nov,08-Nov,7:26AM,AMYIXN
3:16PM Y:I:Y 9-Nov,09-Nov,3:16PM,PMYIYN
9-Nov Y:I:Y 10:46AM,09-Nov,10:46AM,NYIYAM
8:32AM 8-Nov YOX,08-Nov,8:32AM,AMNYOX
10-Nov Y/I/H 2:41PM,10-Nov,2:41PM,NYIHPM
7-Nov 7:35AM Y/O/Z,07-Nov,7:35AM,NAMYOZ
5:51PM Y:I:Y 8-Nov,08-Nov,5:51PM,PMYIYN
YIH 7/Nov 11:33AM,07-Nov,11:33AM,YIHNAM
9/Nov Y/I/W 8:52AM,09-Nov,8:52AM,NYIWAM
9:01AM Y-O-H 6/Nov,06-Nov,9:01AM,AMYOHN
YOX 7/Nov 2:45PM,07-Nov,2:45PM,YOXNPM
8/Nov YIW 6:56PM,08-Nov,6:56PM,NYIWPM
4:42PM Y:O:Z 10/Nov,10-Nov,4:42PM,PMYOZN
8-Nov 2:06PM YIW,08-Nov,2:06PM,NPMYIW
3:33PM 9/Nov YIH,09-Nov,3:33PM,PMNYIH
Y-I-H 9-Nov 4:42PM,09-Nov,4:42PM,YIHNPM
6:15PM 6-Nov YIW,06-Nov,6:15PM,PMNYIW
7-Nov Y/O/W 6:45PM,07-Nov,6:45PM,NYOWPM
9/Nov 11:05AM YIW,09-Nov,11:05AM,NAMYIW
Y:O:Y 4:54PM 6/Nov,06-Nov,4:54PM,YOYPMN
8-Nov YIX 12:57PM,08-Nov,12:57PM,NYIXPM
Y/O/Y 6/Nov 10:48AM,06-Nov,10:48AM,YOYNAM
9/Nov 11:44AM YOX,09-Nov,11:44AM,NAMYOX
Y:O:H 6/Nov 7:01AM,06-Nov,7:01AM,YOHNAM
8-Nov 11:01PM Y/I/Z,08-Nov,11:01PM,NPMYIZ
9:59AM Y/O/Z 7-Nov,07-Nov,9:59AM,AMYOZN
6/Nov 5:20PM Y-O-Y,06-Nov,5:20PM,NPMYOY
8:03AM Y:I:Z 6-Nov,06-Nov,8:03AM,AMYIZN
YOZ 10:37PM 8-Nov,08-Nov,10:37PM,YOZPMN
6-Nov Y:O:X 8:33AM,06-Nov,8:33AM,NYOXAM
10/Nov Y-I-Y 5:14PM,10-Nov,5:14PM,NYIYPM
6/Nov Y/I/H 4:05PM,06-Nov,4:05PM,NYIHPM
6/Nov Y:I:X 2:26PM,06-Nov,2:26PM,NYIXPM
10:36AM 8/Nov Y:O:Z,08-Nov,10:36AM,AMNYOZ
7/Nov 4:16PM Y-I-Y,07-Nov,4:16PM,NPMYIY
Y:O:Z 7/Nov 9:33AM,07-Nov,9:33AM,YOZNAM
7-Nov 4:15PM YOX,07-Nov,4:15PM,NPMYOX
6-Nov Y:I:H 1:11PM,06-Nov,1:11PM,NYIHPM
Y-I-W 7/Nov 2:02PM,07-Nov,2:02PM,YIWNPM
9:31AM 9-Nov Y/O/H,09-Nov,9:31AM,AMNYOH
8-Nov Y/O/X 4:42PM,08-Nov,4:42PM,NYOXPM
Y:O:Z 7:15PM 7-Nov,07-Nov,7:15PM,YOZPMN
Y/O/H 7/Nov 9:30AM,07-Nov,9:30AM,YOHNAM
Y-O-H 2:31PM 8/Nov,08-Nov,2:31PM,YOHPMN
Y/I/W 10/Nov 2:35PM,10-Nov,2:35PM,YIWNPM
Y:O:Z 1:31PM 8-Nov,08-Nov,1:31PM,YOZPMN
7-Nov 8:03AM Y:I:Z,07-Nov,8:03AM,NAMYIZ
7/Nov Y-O-H 5:40PM,07-Nov,5:40PM,NYOHPM
5:24PM Y-O-Y 8-Nov,08-Nov,5:24PM,PMYOYN
Y/O/Y 2:52PM 8-Nov,08-Nov,2:52PM,YOYPMN
Y/I/X 7:29PM 7-Nov,07-Nov,7:29PM,YIXPMN
7-Nov 1:32PM Y:O:Z,07-Nov,1:32PM,NPMYOZ
Y:O:H 7-Nov 2:32PM,07-Nov,2:32PM,YOHNPM
YIW 6/Nov 8:30AM,06-Nov,8:30AM,YIWNAM
9:56AM Y:O:Y 9/Nov,09-Nov,9:56AM,AMYOYN
9/Nov YOW 2:06PM,09-Nov,2:06PM,NYOWPM
Y/I/H 6:58PM 7-Nov,07-Nov,6:58PM,YIHPMN
Y/O/X 3:43PM 10/Nov,10-Nov,3:43PM,YOXPMN
6/Nov YOX 10:13PM,06-Nov,10:13PM,NYOXPM
9-Nov 11:37AM YIH,09-Nov,11:37AM,NAMYIH
1:32PM YOH 10/Nov,10-Nov,1:32PM,PMYOHN
8-Nov 10:14AM Y:O:X,08-Nov,10:14AM,NAMYOX
Y-I-H 4:05PM 8/Nov,08-Nov,4:05PM,YIHPMN
YIX 8-Nov 5:28PM,08-Nov,5:28PM,YIXNPM
Y:I:X 7-Nov 1:26PM,07-Nov,1:26PM,YIXNPM
6:33PM Y-O-Z 8-Nov,08-Nov,6:33PM,PMYOZN
10:10AM 9-Nov Y-O-Z,09-Nov,10:10AM,AMNYOZ
10:27AM Y/I/X 7-Nov,07-Nov,10:27AM,AMYIXN
Y-I-Z 6-Nov 10:29AM,06-Nov,10:29AM,YIZNAM
9:34AM 7/Nov Y/I/Z,07-Nov,9:34AM,AMNYIZ
Y-O-Z 7-Nov 7:39PM,07-Nov,7:39PM,YOZNPM
7:58AM Y/O/Y 8-Nov,08-Nov,7:58AM,AMYOYN
6-Nov YOH 4:02PM,06-Nov,4:02PM,NYOHPM
Y-O-X 3:44PM 9/Nov,09-Nov,3:44PM,YOXPMN
6:22PM 7-Nov YIZ,07-Nov,6:22PM,PMNYIZ
Y/O/Y 10:24PM 7/Nov,07-Nov,10:24PM,YOYPMN
Y:I:X 9/Nov 11:27AM,09-Nov,11:27AM,YIXNAM
YOX 10:14AM 7-Nov,07-Nov,10:14AM,YOXAMN
3:34PM 7-Nov Y-I-W,07-Nov,3:34PM,PMNYIW
Y/I/Y 7/Nov 1:45PM,07-Nov,1:45PM,YIYNPM
9-Nov YOY 10:27PM,09-Nov,10:27PM,NYOYPM
Y/I/W 8/Nov 9:34AM,08-Nov,9:34AM,YIWNAM
9/Nov Y/O/Z 11:02AM,09-Nov,11:02AM,NYOZAM
Y-I-W 3:31PM 10/Nov,10-Nov,3:31PM,YIWPMN
2:05PM Y-O-Z 10-Nov,10-Nov,2:05PM,PMYOZN
8:40AM YIX 7-Nov,07-Nov,8:40AM,AMYIXN
8-Nov 7:46AM Y/I/X,08-Nov,7:46AM,NAMYIX
8-Nov 2:35PM Y:O:W,08-Nov,2:35PM,NPMYOW
Y/O/H 8/Nov 12:03PM,08-Nov,12:03PM,YOHNPM
10:46AM Y/O/X 7-Nov,07-Nov,10:46AM,AMYOXN
7:23AM 10/Nov Y-I-X,10-Nov,7:23AM,AMNYIX
Y-I-X 10-Nov 7:23PM,10-Nov,7:23PM,YIXNPM
Y:O:Y 8:39AM 6/Nov,06-Nov,8:39AM,YOYAMN
8/Nov YOW 7:45AM,08-Nov,7:45AM,NYOWAM
7/Nov 11:34PM Y/I/H,07-Nov,11:34PM,NPMYIH
9/Nov Y:I:Y 9:00AM,09-Nov,9:00AM,NYIYAM
Y/I/X 10-Nov 8:03AM,10-Nov,8:03AM,YIXNAM
9/Nov YOX 2:13PM,09-Nov,2:13PM,NYOXPM
Y/I/Z 10/Nov 7:59PM,10-Nov,7:59PM,YIZNPM
4:01PM Y/I/Z 6-Nov,06-Nov,4:01PM,PMYIZN
10:03AM 8/Nov Y/O/H,08-Nov,10:03AM,AMNYOH
Y-I-W 12:31PM 9-Nov,09-Nov,12:31PM,YIWPMN
9:05AM 8/Nov YOW,08-Nov,9:05AM,AMNYOW
Y:I:W 7/Nov 11:30AM,07-Nov,11:30AM,YIWNAM
7:17AM Y:I:Y 7-Nov,07-Nov,7:17AM,AMYIYN
10:35AM Y:I:H 8/Nov,08-Nov,10:35AM,AMYIHN
Y-I-H 9-Nov 12:37PM,09-Nov,12:37PM,YIHNPM
Y-I-Y 8-Nov 3:42PM,08-Nov,3:42PM,YIYNPM
9/Nov 4:59PM YIH,09-Nov,4:59PM,NPMYIH
6-Nov 8:12AM YOZ,06-Nov,8:12AM,NAMYOZ
Y-O-X 11:13PM 7-Nov,07-Nov,11:13PM,YOXPMN
8:23AM 9-Nov YIZ,09-Nov,8:23AM,AMNYIZ
5:26PM YIW 6-Nov,06-Nov,5:26PM,PMYIWN
6/Nov 9:01AM YIZ,06-Nov,9:01AM,NAMYIZ
7-Nov 5:34PM Y-O-Z,07-Nov,5:34PM,NPMYOZ
6-Nov 7:12PM YIY,06-Nov,7:12PM,NPMYIY
9:46AM 6/Nov Y/O/X,06-Nov,9:46AM,AMNYOX
10:03PM 9/Nov YOH,09-Nov,10:03PM,PMNYOH
11:07PM Y:O:W 6-Nov,06-Nov,11:07PM,PMYOWN
9/Nov 6:27PM Y:O:Y,09-Nov,6:27PM,NPMYOY
10-Nov 7:28PM Y/I/W,10-Nov,7:28PM,NPMYIW
3:03PM Y:O:Z 7-Nov,07-Nov,3:03PM,PMYOZN
Y:I:H 10-Nov 7:33AM,10-Nov,7:33AM,YIHNAM
9:44AM YIY 7/Nov,07-Nov,9:44AM,AMYIYN
1:30PM 6/Nov YIZ,06-Nov,1:30PM,PMNYIZ
10/Nov YIZ 8:43AM,10-Nov,8:43AM,NYIZAM
YIW 4:57PM 10/Nov,10-Nov,4:57PM,YIWPMN
9:19AM Y/O/Y 9-Nov,09-Nov,9:19AM,AMYOYN
10:34AM Y-O-W 6/Nov,06-Nov,10:34AM,AMYOWN
YIZ 7:19AM 7/Nov,07-Nov,7:19AM,YIZAMN
10-Nov Y-O-W 5:03PM,10-Nov,5:03PM,NYOWPM
Y:I:Z 10/Nov 10:03PM,10-Nov,10:03PM,YIZNPM
10-Nov Y-I-Y 8:38AM,10-Nov,8:38AM,NYIYAM
Y:I:Y 6/Nov 11:47AM,06-Nov,11:47AM,YIYNAM
Y/O/W 1:37PM 7-Nov,07-Nov,1:37PM,YOWPMN
9:15AM 6/Nov YIH,06-Nov,9:15AM,AMNYIH
9:14AM 10-Nov Y-I-Y,10-Nov,9:14AM,AMNYIY
8-Nov Y-I-Y 9:46AM,08-Nov,9:46AM,NYIYAM
8:15AM YIY 8/Nov,08-Nov,8:15AM,AMYIYN
9-Nov 1:18PM Y/I/X,09-Nov,1:18PM,NPMYIX
Y-I-Y 9-Nov 9:15AM,09-Nov,9:15AM,YIYNAM
5:06PM YIH 6-Nov,06-Nov,5:06PM,PMYIHN
9:32AM 6-Nov Y:I:Z,06-Nov,9:32AM,AMNYIZ
Y:I:Y 8/Nov 5:17PM,08-Nov,5:17PM,YIYNPM
7/Nov Y:O:Z 6:07PM,07-Nov,6:07PM,NYOZPM
5:59PM 6/Nov Y:I:Y,06-Nov,5:59PM,PMNYIY
Y-O-Z 7/Nov 2:37PM,07-Nov,2:37PM,YOZNPM
6-Nov 3:23PM Y/O/Y,06-Nov,3:23PM,NPMYOY
YOW 3:34PM 7/Nov,07-Nov,3:34PM,YOWPMN
YOX 9-Nov 8:33AM,09-Nov,8:33AM,YOXNAM
3:52PM Y/O/Y 8-Nov,08-Nov,3:52PM,PMYOYN
2:04PM 9/Nov Y-O-Z,09-Nov,2:04PM,PMNYOZ
8-Nov 6:49PM Y/I/X,08-Nov,6:49PM,NPMYIX
2:35PM Y:O:W 7-Nov,07-Nov,2:35PM,PMYOWN
6-Nov YOX 7:51AM,06-Nov,7:51AM,NYOXAM
7/Nov Y:O:Z 10:39AM,07-Nov,10:39AM,NYOZAM
Y-O-W 7-Nov 3:03PM,07-Nov,3:03PM,YOWNPM
Y/O/X 3:39PM 7/Nov,07-Nov,3:39PM,YOXPMN
Y:O:Y 9:24PM 10-Nov,10-Nov,9:24PM,YOYPMN
YOY 9:20PM 7/Nov,07-Nov,9:20PM,YOYPMN
8:34AM Y/I/Y 8-Nov,08-Nov,8:34AM,AMYIYN
8-Nov 3:04PM YOZ,08-Nov,3:04PM,NPMYOZ
Y-O-W 4:07PM 10-Nov,10-Nov,4:07PM,YOWPMN
9/Nov 1:34PM YIZ,09-Nov,1:34PM,NPMYIZ
6-Nov Y:I:X 4:23PM,06-Nov,4:23PM,NYIXPM
YOW 8-Nov 10:36AM,08-Nov,10:36AM,YOWNAM
10:22AM 10-Nov Y/O/Y,10-Nov,10:22AM,AMNYOY
8:41AM 6-Nov Y:I:Z,06-Nov,8:41AM,AMNYIZ
10:16AM 6-Nov YIY,06-Nov,10:16AM,AMNYIY
YOW 6:06PM 7-Nov,07-Nov,6:06PM,YOWPMN
3:45PM 6-Nov Y:O:X,06-Nov,3:45PM,PMNYOX
Y-O-H 2:31PM 10-Nov,10-Nov,2:31PM,YOHPMN
10/Nov Y-O-Z 11:59AM,10-Nov,11:59AM,NYOZAM
8-Nov 11:35AM Y/I/Z,08-Nov,11:35AM,NAMYIZ
6/Nov 12:11PM YOX,06-Nov,12:11PM,NPMYOX
11:27PM YIX 9-Nov,09-Nov,11:27PM,PMYIXN
7-Nov 4:37PM YOZ,07-Nov,4:37PM,NPMYOZ
6-Nov 3:49PM Y:I:Y,06-Nov,3:49PM,NPMYIY
Y:O:Y 7/Nov 4:50PM,07-Nov,4:50PM,YOYNPM
Y-I-W 8-Nov 1:02PM,08-Nov,1:02PM,YIWNPM
Y:O:H 9/Nov 7:43AM,09-Nov,7:43AM,YOHNAM
4:44PM YIY 8-Nov,08-Nov,4:44PM,PMYIYN
Y/I/Y 10/Nov 10:41AM,10-Nov,10:41AM,YIYNAM
7:18PM 6/Nov Y/O/Z,06-Nov,7:18PM,PMNYOZ
Y-O-H 1:30PM 8/Nov,08-Nov,1:30PM,YOHPMN
Y/O/H 10/Nov 7:41AM,10-Nov,7:41AM,YOHNAM
YIW 3:29PM 9/Nov,09-Nov,3:29PM,YIWPMN
Y:O:Y 6-Nov 11:20PM,06-Nov,11:20PM,YOYNPM
10/Nov Y/O/X 2:08PM,10-Nov,2:08PM,NYOXPM
Y-O-W 3:05PM 8-Nov,08-Nov,3:05PM,YOWPMN
11:33AM 8-Nov Y-O-H,08-Nov,11:33AM,AMNYOH
9/Nov 5:27PM YOW,09-Nov,5:27PM,NPMYOW
YOY 10/Nov 5:46PM,10-Nov,5:46PM,YOYNPM
3:17PM YOY 7/Nov,07-Nov,3:17PM,PMYOYN
7/Nov Y:O:Y 6:20PM,07-Nov,6:20PM,NYOYPM
9/Nov Y-O-Y 2:20PM,09-Nov,2:20PM,NYOYPM
Y-I-W 11:28AM 6/Nov,06-Nov,11:28AM,YIWAMN
7-Nov 12:44PM YOX,07-Nov,12:44PM,NPMYOX
Y:O:Z 1:44PM 9/Nov,09-Nov,1:44PM,YOZPMN
7/Nov YOH 10:31AM,07-Nov,10:31AM,NYOHAM
YOW 10/Nov 12:37PM,10-Nov,12:37PM,YOWNPM
10-Nov 7:37AM YIY,10-Nov,7:37AM,NAMYIY
Y/O/Y 6:40PM 10-Nov,10-Nov,6:40PM,YOYPMN
Y/I/Z 4:05PM 9/Nov,09-Nov,4:05PM,YIZPMN
10-Nov 1:24PM YIX,10-Nov,1:24PM,NPMYIX
10-Nov 9:20PM Y:I:Y,10-Nov,9:20PM,NPMYIY
9:29AM 6-Nov Y:I:X,06-Nov,9:29AM,AMNYIX
8/Nov Y/O/Z 2:32PM,08-Nov,2:32PM,NYOZPM
Y-I-W 6/Nov 1:30PM,06-Nov,1:30PM,YIWNPM
7/Nov Y-O-Y 11:57AM,07-Nov,11:57AM,NYOYAM
9:17AM 10-Nov Y:I:H,10-Nov,9:17AM,AMNYIH
8:35AM Y/I/H 9/Nov,09-Nov,8:35AM,AMYIHN
6-Nov 9:40AM Y:I:H,06-Nov,9:40AM,NAMYIH
8/Nov 2:02PM Y:O:H,08-Nov,2:02PM,NPMYOH
Y-O-Z 10/Nov 5:28PM,10-Nov,5:28PM,YOZNPM
1:38PM YIW 8-Nov,08-Nov,1:38PM,PMYIWN
Y-O-Z 10/Nov 11:08AM,10-Nov,11:08AM,YOZNAM
8-Nov Y/O/H 10:01PM,08-Nov,10:01PM,NYOHPM
5:25PM 6-Nov Y:O:W,06-Nov,5:25PM,PMNYOW
7/Nov 2:03PM Y/I/Z,07-Nov,2:03PM,NPMYIZ
Y/I/Z 9:03AM 8-Nov,08-Nov,9:03AM,YIZAMN
10:11AM Y:O:X 10-Nov,10-Nov,10:11AM,AMYOXN
10-Nov 8:53AM Y/I/H,10-Nov,8:53AM,NAMYIH
8/Nov Y/O/W 8:06PM,08-Nov,8:06PM,NYOWPM
3:31PM 7-Nov Y/I/Z,07-Nov,3:31PM,PMNYIZ
7-Nov YOH 9:01AM,07-Nov,9:01AM,NYOHAM
Y/O/H 6/Nov 7:42AM,06-Nov,7:42AM,YOHNAM
YIW 7-Nov 10:34AM,07-Nov,10:34AM,YIWNAM
YOH 6:03PM 9/Nov,09-Nov,6:03PM,YOHPMN
7/Nov Y:I:Y 8:17PM,07-Nov,8:17PM,NYIYPM
4:38PM 9-Nov YIW,09-Nov,4:38PM,PMNYIW
10/Nov Y:O:X 12:41PM,10-Nov,12:41PM,NYOXPM
YOZ 7:22PM 9/Nov,09-Nov,7:22PM,YOZPMN
11:44AM YIY 7/Nov,07-Nov,11:44AM,AMYIYN
9/Nov Y-I-W 1:04PM,09-Nov,1:04PM,NYIWPM
9/Nov Y/I/W 6:13PM,09-Nov,6:13PM,NYIWPM
6/Nov Y-O-Y 9:23PM,06-Nov,9:23PM,NYOYPM
Y-O-Z 8-Nov 4:05PM,08-Nov,4:05PM,YOZNPM
8-Nov 6:23PM Y/O/H,08-Nov,6:23PM,NPMYOH
8-Nov Y-O-Z 8:36PM,08-Nov,8:36PM,NYOZPM
Y:I:W 7/Nov 11:29PM,07-Nov,11:29PM,YIWNPM
6:10PM 8-Nov YOX,08-Nov,6:10PM,PMNYOX
10:33AM 10/Nov Y-O-H,10-Nov,10:33AM,AMNYOH
12:05PM Y-I-H 7/Nov,07-Nov,12:05PM,PMYIHN
Y-I-H 8:58AM 9/Nov,09-Nov,8:58AM,YIHAMN
10-Nov 3:37PM Y:I:H,10-Nov,3:37PM,NPMYIH
Y-O-Z 7:15PM 8-Nov,08-Nov,7:15PM,YOZPMN
Y-O-H 8/Nov 7:41AM,08-Nov,7:41AM,YOHNAM
Y-I-X 10/Nov 2:29PM,10-Nov,2:29PM,YIXNPM
7:40PM Y/I/H 7/Nov,07-Nov,7:40PM,PMYIHN
Y/I/Y 1:14PM 7-Nov,07-Nov,1:14PM,YIYPMN
Y/O/Y 2:46PM 9/Nov,09-Nov,2:46PM,YOYPMN
Y/I/Y 7-Nov 6:36PM,07-Nov,6:36PM,YIYNPM
Y/O/H 9-Nov 1:30PM,09-Nov,1:30PM,YOHNPM
7:59AM 6/Nov Y/O/Y,06-Nov,7:59AM,AMNYOY
8-Nov Y:O:W 4:06PM,08-Nov,4:06PM,NYOWPM
10/Nov 9:05PM Y:O:W,10-Nov,9:05PM,NPMYOW
YOY 9:47AM 8/Nov,08-Nov,9:47AM,YOYAMN
Y:I:H 8-Nov 5:08PM,08-Nov,5:08PM,YIHNPM
1:45PM Y:I:Y 9-Nov,09-Nov,1:45PM,PMYIYN
8/Nov YIH 12:36PM,08-Nov,12:36PM,NYIHPM
YIY 7/Nov 12:44PM,07-Nov,12:44PM,YIYNPM
9:29AM YOZ 6-Nov,06-Nov,9:29AM,AMYOZN
7/Nov 7:15PM Y-O-X,07-Nov,7:15PM,NPMYOX
Y-I-W 2:09PM 10-Nov,10-Nov,2:09PM,YIWPMN
3:59PM 8/Nov YIW,08-Nov,3:59PM,PMNYIW
Y/O/X 3:13PM 8-Nov,08-Nov,3:13PM,YOXPMN
8-Nov YIX 10:53AM,08-Nov,10:53AM,NYIXAM
8-Nov Y:I:Z 7:22AM,08-Nov,7:22AM,NYIZAM
Y-O-H 7/Nov 4:03PM,07-Nov,4:03PM,YOHNPM
8/Nov YIZ 5:04PM,08-Nov,5:04PM,NYIZPM
11:35AM 10-Nov YOW,10-Nov,11:35AM,AMNYOW
6:56PM 6-Nov YOZ,06-Nov,6:56PM,PMNYOZ
6-Nov 2:32PM Y/I/W,06-Nov,2:32PM,NPMYIW
YIX 9:30PM 8-Nov,08-Nov,9:30PM,YIXPMN
10:27PM 8-Nov Y/I/X,08-Nov,10:27PM,PMNYIX
10/Nov 1:34PM Y/I/H,10-Nov,1:34PM,NPMYIH
9:16AM Y/I/W 9-Nov,09-Nov,9:16AM,AMYIWN
6-Nov Y:O:X 5:11PM,06-Nov,5:11PM,NYOXPM
12:33PM 8/Nov Y-O-W,08-Nov,12:33PM,PMNYOW
YIH 6:18PM 10/Nov,10-Nov,6:18PM,YIHPMN
YOX 5:36PM 10/Nov,10-Nov,5:36PM,YOXPMN
4:24PM YOY 9/Nov,09-Nov,4:24PM,PMYOYN
YOX 11:11PM 10-Nov,10-Nov,11:11PM,YOXPMN
7:19PM 6-Nov Y/O/Y,06-Nov,7:19PM,PMNYOY
9-Nov YOH 9:00PM,09-Nov,9:00PM,NYOHPM
8/Nov YIW 7:32AM,08-Nov,7:32AM,NYIWAM
8-Nov 11:33PM Y:O:Z,08-Nov,11:33PM,NPMYOZ
10-Nov 5:04PM Y:O:Z,10-Nov,5:04PM,NPMYOZ
Y:I:Z 10/Nov 6:25PM,10-Nov,6:25PM,YIZNPM
10-Nov Y/I/H 6:59PM,10-Nov,6:59PM,NYIHPM
3:05PM Y/O/W 6-Nov,06-Nov,3:05PM,PMYOWN
10-Nov 8:38PM Y-I-H,10-Nov,8:38PM,NPMYIH
Y-O-X 6-Nov 5:33PM,06-Nov,5:33PM,YOXNPM
6:50PM Y-O-X 7/Nov,07-Nov,6:50PM,PMYOXN
8/Nov 11:47AM Y-O-X,08-Nov,11:47AM,NAMYOX
Y-I-X 7/Nov 11:23PM,07-Nov,11:23PM,YIXNPM
12:33PM 9-Nov Y-I-Z,09-Nov,12:33PM,PMNYIZ
9/Nov Y:O:X 2:39PM,09-Nov,2:39PM,NYOXPM
Y:O:W 6-Nov 3:36PM,06-Nov,3:36PM,YOWNPM
10-Nov Y/I/W 9:32AM,10-Nov,9:32AM,NYIWAM
Y-I-Z 1:34PM 10-Nov,10-Nov,1:34PM,YIZPMN
10/Nov 9:01AM Y/I/Z,10-Nov,9:01AM,NAMYIZ
8/Nov 5:36PM YOZ,08-Nov,5:36PM,NPMYOZ
7-Nov YIX 4:25PM,07-Nov,4:25PM,NYIXPM
YIX 3:22PM 8/Nov,08-Nov,3:22PM,YIXPMN
7/Nov 9:34PM YOZ,07-Nov,9:34PM,NPMYOZ
Y:I:Z 9/Nov 11:05AM,09-Nov,11:05AM,YIZNAM
Y:O:Y 6:02PM 8-Nov,08-Nov,6:02PM,YOYPMN
Y/O/H 8/Nov 5:02PM,08-Nov,5:02PM,YOHNPM
3:05PM 6/Nov Y:I:Z,06-Nov,3:05PM,PMNYIZ
8/Nov YOW 11:37AM,08-Nov,11:37AM,NYOWAM
9:04AM Y:I:X 6-Nov,06-Nov,9:04AM,AMYIXN
Y/O/W 6-Nov 6:06PM,06-Nov,6:06PM,YOWNPM
Y-O-H 9:03PM 6-Nov,06-Nov,9:03PM,YOHPMN
7/Nov Y:I:W 7:36PM,07-Nov,7:36PM,NYIWPM
Y/O/H 8:00PM 6-Nov,06-Nov,8:00PM,YOHPMN
10/Nov 4:05PM Y-I-W,10-Nov,4:05PM,NPMYIW
Y:O:X 10/Nov 4:44PM,10-Nov,4:44PM,YOXNPM
Y:O:W 11:07PM 9/Nov,09-Nov,11:07PM,YOWPMN
YOW 6-Nov 7:06PM,06-Nov,7:06PM,YOWNPM
Y/O/Z 9-Nov 9:31AM,09-Nov,9:31AM,YOZNAM
YOH 9:00AM 10-Nov,10-Nov,9:00AM,YOHAMN
8/Nov 7:07PM Y/O/W,08-Nov,7:07PM,NPMYOW
YOZ 5:08PM 8-Nov,08-Nov,5:08PM,YOZPMN
YOY 10:22PM 8-Nov,08-Nov,10:22PM,YOYPMN
10:17PM YIY 6-Nov,06-Nov,10:17PM,PMYIYN
10-Nov 4:05PM Y/O/Z,10-Nov,4:05PM,NPMYOZ
Y:I:Y 6/Nov 5:12PM,06-Nov,5:12PM,YIYNPM
Y-I-W 5:04PM 8/Nov,08-Nov,5:04PM,YIWPMN
6-Nov 5:01PM Y-I-W,06-Nov,5:01PM,NPMYIW
Y:O:W 10-Nov 6:47PM,10-Nov,6:47PM,YOWNPM
Y-O-H 10-Nov 6:43PM,10-Nov,6:43PM,YOHNPM
8:24AM 8/Nov YOW,08-Nov,8:24AM,AMNYOW
8/Nov 2:10PM Y:O:X,08-Nov,2:10PM,NPMYOX
6-Nov YOW 11:35AM,06-Nov,11:35AM,NYOWAM
Y:O:Y 3:56PM 6-Nov,06-Nov,3:56PM,YOYPMN
Y/I/Y 6:36PM 8/Nov,08-Nov,6:36PM,YIYPMN
1:03PM 9/Nov Y:O:H,09-Nov,1:03PM,PMNYOH
8-Nov Y/I/Y 2:16PM,08-Nov,2:16PM,NYIYPM
4:11PM 10-Nov Y/I/Y,10-Nov,4:11PM,PMNYIY
10:34AM Y-I-W 10-Nov,10-Nov,10:34AM,AMYIWN
9/Nov 10:32PM YIH,09-Nov,10:32PM,NPMYIH
8:37PM Y/I/H 6/Nov,06-Nov,8:37PM,PMYIHN
Y:O:H 3:32PM 6/Nov,06-Nov,3:32PM,YOHPMN
11:00AM Y-I-W 8-Nov,08-Nov,11:00AM,AMYIWN
7:48AM Y:I:X 9/Nov,09-Nov,7:48AM,AMYIXN
7:50AM 6/Nov Y-I-W,06-Nov,7:50AM,AMNYIW
YIX 8-Nov 8:45AM,08-Nov,8:45AM,YIXNAM
8:32AM 7-Nov Y-I-Y,07-Nov,8:32AM,AMNYIY
YIX 7-Nov 9:55AM,07-Nov,9:55AM,YIXNAM
7/Nov 11:30AM YIZ,07-Nov,11:30AM,NAMYIZ
10-Nov 7:52AM Y:I:Y,10-Nov,7:52AM,NAMYIY
2:29PM Y/I/W 9/Nov,09-Nov,2:29PM,PMYIWN
Y/I/W 10:34PM 8/Nov,08-Nov,10:34PM,YIWPMN
2:34PM 6/Nov YOW,06-Nov,2:34PM,PMNYOW
4:50PM Y:I:X 9/Nov,09-Nov,4:50PM,PMYIXN
10-Nov Y:I:Y 5:53PM,10-Nov,5:53PM,NYIYPM
8/Nov 4:57PM YIX,08-Nov,4:57PM,NPMYIX
3:52PM YIX 8/Nov,08-Nov,3:52PM,PMYIXN
9/Nov Y-I-H 6:16PM,09-Nov,6:16PM,NYIHPM
9:17PM 9-Nov Y-O-Y,09-Nov,9:17PM,PMNYOY
Y:O:Z 1:04PM 9/Nov,09-Nov,1:04PM,YOZPMN
5:40PM YOY 6-Nov,06-Nov,5:40PM,PMYOYN
9/Nov YOX 5:53PM,09-Nov,5:53PM,NYOXPM
YIW 8:32AM 9/Nov,09-Nov,8:32AM,YIWAMN
Y:I:Y 9-Nov 5:53PM,09-Nov,5:53PM,YIYNPM
10/Nov Y:I:Z 9:05PM,10-Nov,9:05PM,NYIZPM
6-Nov Y/I/Z 9:03PM,06-Nov,9:03PM,NYIZPM
Y:O:W 9-Nov 11:35AM,09-Nov,11:35AM,YOWNAM
7/Nov Y/I/X 5:01PM,07-Nov,5:01PM,NYIXPM
9/Nov 11:55AM Y-I-X,09-Nov,11:55AM,NAMYIX
4:33PM Y-I-Z 6-Nov,06-Nov,4:33PM,PMYIZN
8:00PM 7-Nov Y-O-H,07-Nov,8:00PM,PMNYOH
11:04AM 7/Nov Y-I-Z,07-Nov,11:04AM,AMNYIZ
4:51PM 9-Nov Y-O-Y,09-Nov,4:51PM,PMNYOY
8-Nov Y:I:X 12:23PM,08-Nov,12:23PM,NYIXPM
10:36PM Y/I/H 10/Nov,10-Nov,10:36PM,PMYIHN
Y/I/W 8-Nov 8:31AM,08-Nov,8:31AM,YIWNAM
9/Nov YOH 2:02PM,09-Nov,2:02PM,NYOHPM
2:58PM 8/Nov Y-I-X,08-Nov,2:58PM,PMNYIX
Y/I/H 8:36PM 9/Nov,09-Nov,8:36PM,YIHPMN
Y-O-Z 12:10PM 7-Nov,07-Nov,12:10PM,YOZPMN
8:24AM Y:I:Z 6-Nov,06-Nov,8:24AM,AMYIZN
9-Nov YOX 4:43PM,09-Nov,4:43PM,NYOXPM
Y/I/X 2:28PM 8/Nov,08-Nov,2:28PM,YIXPMN
1:27PM 9/Nov Y-I-H,09-Nov,1:27PM,PMNYIH
7:34PM YIH 9-Nov,09-Nov,7:34PM,PMYIHN
YIZ 7-Nov 8:20AM,07-Nov,8:20AM,YIZNAM
9/Nov 7:31PM YOZ,09-Nov,7:31PM,NPMYOZ
5:01PM YIZ 6-Nov,06-Nov,5:01PM,PMYIZN
Y/O/H 10/Nov 8:01PM,10-Nov,8:01PM,YOHNPM
Y:O:X 10-Nov 6:34PM,10-Nov,6:34PM,YOXNPM
Y:I:Y 9-Nov 7:12PM,09-Nov,7:12PM,YIYNPM
8:23PM 8-Nov Y:I:X,08-Nov,8:23PM,PMNYIX
10/Nov Y-O-W 1:37PM,10-Nov,1:37PM,NYOWPM
6-Nov 10:27AM Y:I:X,06-Nov,10:27AM,NAMYIX
Y:O:X 7/Nov 5:50PM,07-Nov,5:50PM,YOXNPM
YOZ 8/Nov 12:37PM,08-Nov,12:37PM,YOZNPM
YOH 7-Nov 4:33PM,07-Nov,4:33PM,YOHNPM
9:14AM 8/Nov Y:O:X,08-Nov,9:14AM,AMNYOX
10:58AM 8/Nov Y-O-Z,08-Nov,10:58AM,AMNYOZ
7-Nov YIW 12:25PM,07-Nov,12:25PM,NYIWPM
Y/I/H 8-Nov 7:55AM,08-Nov,7:55AM,YIHNAM
7:59PM YIZ 6-Nov,06-Nov,7:59PM,PMYIZN
7/Nov 5:21PM YIX,07-Nov,5:21PM,NPMYIX
6:04PM 8/Nov Y-I-W,08-Nov,6:04PM,PMNYIW
YIZ 7/Nov 10:35AM,07-Nov,10:35AM,YIZNAM
8/Nov Y/I/H 2:11PM,08-Nov,2:11PM,NYIHPM
10:11PM 7/Nov Y:I:Y,07-Nov,10:11PM,PMNYIY
YOW 4:08PM 7/Nov,07-Nov,4:08PM,YOWPMN
Y/O/Y 4:19PM 6-Nov,06-Nov,4:19PM,YOYPMN
YIW 9/Nov 7:27AM,09-Nov,7:27AM,YIWNAM
10-Nov 5:10PM Y:O:X,10-Nov,5:10PM,NPMYOX
7:36AM Y:I:X 7/Nov,07-Nov,7:36AM,AMYIXN
10-Nov 12:33PM Y-I-W,10-Nov,12:33PM,NPMYIW
11:16PM Y:I:Y 6/Nov,06-Nov,11:16PM,PMYIYN
YOY 6-Nov 7:21AM,06-Nov,7:21AM,YOYNAM
9/Nov 6:36PM Y:I:X,09-Nov,6:36PM,NPMYIX
Y/O/Z 4:35PM 6/Nov,06-Nov,4:35PM,YOZPMN
9/Nov YOH 4:33PM,09-Nov,4:33PM,NYOHPM
7-Nov 11:34PM Y-O-Z,07-Nov,11:34PM,NPMYOZ
7:03AM 10/Nov Y-O-H,10-Nov,7:03AM,AMNYOH
Y:I:Y 7/Nov 8:51AM,07-Nov,8:51AM,YIYNAM
6:54PM Y:I:W 10-Nov,10-Nov,6:54PM,PMYIWN
Y-O-X 12:15PM 7/Nov,07-Nov,12:15PM,YOXPMN
6:14PM Y:O:X 7-Nov,07-Nov,6:14PM,PMYOXN
6-Nov Y/I/H 10:37AM,06-Nov,10:37AM,NYIHAM
YOH 1:02PM 10/Nov,10-Nov,1:02PM,YOHPMN
7:38AM 7-Nov YIH,07-Nov,7:38AM,AMNYIH
7-Nov 2:06PM YOW,07-Nov,2:06PM,NPMYOW
7:53AM 6-Nov Y:I:H,06-Nov,7:53AM,AMNYIH
Y/O/Y 7/Nov 5:56PM,07-Nov,5:56PM,YOYNPM
9/Nov Y/O/X 7:09AM,09-Nov,7:09AM,NYOXAM
10/Nov YIX 10:49AM,10-Nov,10:49AM,NYIXAM
YIY 7-Nov 12:10PM,07-Nov,12:10PM,YIYNPM
6/Nov 7:03AM Y:I:Z,06-Nov,7:03AM,NAMYIZ
YIZ 7/Nov 12:00PM,07-Nov,12:00PM,YIZNPM
7:45AM YIX 6-Nov,06-Nov,7:45AM,AMYIXN
10:16PM 10/Nov YIY,10-Nov,10:16PM,PMNYIY
9/Nov 5:06PM YOZ,09-Nov,5:06PM,NPMYOZ
Y-O-Z 6-Nov 12:02PM,06-Nov,12:02PM,YOZNPM
8-Nov 8:08AM Y:I:W,08-Nov,8:08AM,NAMYIW
10:30AM 10/Nov YIZ,10-Nov,10:30AM,AMNYIZ
10/Nov 11:59AM Y/I/Z,10-Nov,11:59AM,NAMYIZ
Y/O/Z 1:01PM 8/Nov,08-Nov,1:01PM,YOZPMN
8/Nov YIY 7:15PM,08-Nov,7:15PM,NYIYPM
Y/I/Y 8-Nov 9:16AM,08-Nov,9:16AM,YIYNAM
Y:I:X 6:05PM 10/Nov,10-Nov,6:05PM,YIXPMN
7/Nov 5:20PM Y:O:Y,07-Nov,5:20PM,NPMYOY
Y-O-W 9:07PM 6-Nov,06-Nov,9:07PM,YOWPMN
YIH 6/Nov 8:14AM,06-Nov,8:14AM,YIHNAM
5:20PM 7-Nov Y-O-H,07-Nov,5:20PM,PMNYOH
Y-O-X 6/Nov 7:14AM,06-Nov,7:14AM,YOXNAM
11:47AM Y:I:Y 8-Nov,08-Nov,11:47AM,AMYIYN
10/Nov Y:I:Z 7:01AM,10-Nov,7:01AM,NYIZAM
7/Nov 2:06PM Y/O/Z,07-Nov,2:06PM,NPMYOZ
YIY 6-Nov 7:19AM,06-Nov,7:19AM,YIYNAM
11:12PM 6-Nov Y-O-X,06-Nov,11:12PM,PMNYOX
11:01AM 8/Nov Y:O:H,08-Nov,11:01AM,AMNYOH
10/Nov 8:25AM Y/I/Z,10-Nov,8:25AM,NAMYIZ
8:05PM 10-Nov YOW,10-Nov,8:05PM,PMNYOW
7/Nov 5:27PM YIW,07-Nov,5:27PM,NPMYIW
Y-O-Z 6/Nov 3:10PM,06-Nov,3:10PM,YOZNPM
9:15PM Y/I/Y 9/Nov,09-Nov,9:15PM,PMYIYN
YIH 9/Nov 9:34AM,09-Nov,9:34AM,YIHNAM
Y-O-Z 10/Nov 6:35PM,10-Nov,6:35PM,YOZNPM
7:02PM Y:O:Y 6/Nov,06-Nov,7:02PM,PMYOYN
9-Nov 5:40PM Y-O-H,09-Nov,5:40PM,NPMYOH
YIW 6/Nov 11:28PM,06-Nov,11:28PM,YIWNPM
6:26PM 10-Nov Y-O-W,10-Nov,6:26PM,PMNYOW
10:16PM 8/Nov YIY,08-Nov,10:16PM,PMNYIY
10:15PM 10/Nov Y:O:X,10-Nov,10:15PM,PMNYOX
YIZ 10:02AM 6-Nov,06-Nov,10:02AM,YIZAMN
10-Nov Y:I:X 12:48PM,10-Nov,12:48PM,NYIXPM
YIH 8/Nov 5:39PM,08-Nov,5:39PM,YIHNPM
6-Nov 6:43PM YOH,06-Nov,6:43PM,NPMYOH
YOH 7/Nov 8:23AM,07-Nov,8:23AM,YOHNAM
8-Nov 6:28PM Y:O:W,08-Nov,6:28PM,NPMYOW
7-Nov Y/O/W 8:04PM,07-Nov,8:04PM,NYOWPM
1:09PM 7-Nov Y-O-X,07-Nov,1:09PM,PMNYOX
Y/I/W 9:28PM 6/Nov,06-Nov,9:28PM,YIWPMN
4:03PM YOH 10/Nov,10-Nov,4:03PM,PMYOHN
YIZ 10:59AM 10-Nov,10-Nov,10:59AM,YIZAMN
Y:O:H 9-Nov 10:30AM,09-Nov,10:30AM,YOHNAM
8-Nov Y/I/H 2:39PM,08-Nov,2:39PM,NYIHPM
10/Nov Y-I-H 3:08PM,10-Nov,3:08PM,NYIHPM
11:32PM Y-O-Z 6/Nov,06-Nov,11:32PM,PMYOZN
Y:O:Z 2:31PM 9/Nov,09-Nov,2:31PM,YOZPMN
6:02PM 8-Nov Y-O-H,08-Nov,6:02PM,PMNYOH
3:11PM Y:O:X 10/Nov,10-Nov,3:11PM,PMYOXN
9:31AM 6-Nov Y-O-H,06-Nov,9:31AM,AMNYOH
3:29PM 7-Nov Y/I/X,07-Nov,3:29PM,PMNYIX
3:36PM 6-Nov Y-O-Z,06-Nov,3:36PM,PMNYOZ
Y:I:W 9/Nov 5:38PM,09-Nov,5:38PM,YIWNPM
8:15PM YIY 6/Nov,06-Nov,8:15PM,PMYIYN
Y/O/W 7-Nov 9:06AM,07-Nov,9:06AM,YOWNAM
11:38AM 8/Nov Y/I/H,08-Nov,11:38AM,AMNYIH
Y:O:H 6/Nov 1:01PM,06-Nov,1:01PM,YOHNPM
8/Nov Y-O-H 4:33PM,08-Nov,4:33PM,NYOHPM
Y:O:H 8/Nov 1:02PM,08-Nov,1:02PM,YOHNPM
6/Nov Y-I-X 11:23PM,06-Nov,11:23PM,NYIXPM
10/Nov 6:37PM Y:I:Y,10-Nov,6:37PM,NPMYIY
YIY 6/Nov 2:45PM,06-Nov,2:45PM,YIYNPM
8/Nov YIX 7:24PM,08-Nov,7:24PM,NYIXPM
8/Nov Y-O-Y 5:45PM,08-Nov,5:45PM,NYOYPM
8:39AM Y:O:Y 9/Nov,09-Nov,8:39AM,AMYOYN
2:41PM YOX 6-Nov,06-Nov,2:41PM,PMYOXN
11:34AM 7/Nov Y:O:Z,07-Nov,11:34AM,AMNYOZ
Y/I/W 12:28PM 6-Nov,06-Nov,12:28PM,YIWPMN
7-Nov Y:O:X 5:11PM,07-Nov,5:11PM,NYOXPM
11:29PM 10/Nov Y-I-X,10-Nov,11:29PM,PMNYIX
Y:O:H 9/Nov 10:02AM,09-Nov,10:02AM,YOHNAM
YIX 8:25AM 10-Nov,10-Nov,8:25AM,YIXAMN
3:03PM 6/Nov YIH,06-Nov,3:03PM,PMNYIH
6/Nov 8:50AM Y-I-X,06-Nov,8:50AM,NAMYIX
YOZ 10/Nov 11:34AM,10-Nov,11:34AM,YOZNAM
Y:O:H 12:00PM 10-Nov,10-Nov,12:00PM,YOHPMN
Y/I/Z 3:34PM 10-Nov,10-Nov,3:34PM,YIZPMN
Y-I-H 10:37AM 10/Nov,10-Nov,10:37AM,YIHAMN
6:41PM 6-Nov Y-O-Y,06-Nov,6:41PM,PMNYOY
6/Nov Y:O:Z 6:39PM,06-Nov,6:39PM,NYOZPM
Y-O-X 7-Nov 8:36AM,07-Nov,8:36AM,YOXNAM
2:31PM YIZ 9-Nov,09-Nov,2:31PM,PMYIZN
9/Nov Y-O-Y 1:28PM,09-Nov,1:28PM,NYOYPM
2:11PM 7-Nov Y-O-X,07-Nov,2:11PM,PMNYOX
8:25PM 10/Nov Y:O:Y,10-Nov,8:25PM,PMNYOY
11:16PM 9/Nov Y/O/X,09-Nov,11:16PM,PMNYOX
YIZ 11:59AM 6/Nov,06-Nov,11:59AM,YIZAMN
Y-O-W 9:36AM 6-Nov,06-Nov,9:36AM,YOWAMN
6/Nov Y/O/X 6:52PM,06-Nov,6:52PM,NYOXPM
9:20AM 8/Nov Y/O/Y,08-Nov,9:20AM,AMNYOY
YIW 10/Nov 12:54PM,10-Nov,12:54PM,YIWNPM
8:18AM 6-Nov Y/I/Y,06-Nov,8:18AM,AMNYIY
10:04AM Y-O-Z 8-Nov,08-Nov,10:04AM,AMYOZN
Y/O/Y 7:00PM 10/Nov,10-Nov,7:00PM,YOYPMN
8/Nov YIX 12:00PM,08-Nov,12:00PM,NYIXPM
11:36PM Y/I/W 10-Nov,10-Nov,11:36PM,PMYIWN
Y/I/Y 10-Nov 8:14AM,10-Nov,8:14AM,YIYNAM
YIX 12:26PM 9/Nov,09-Nov,12:26PM,YIXPMN
5:22PM YOH 6/Nov,06-Nov,5:22PM,PMYOHN
YIH 2:32PM 7/Nov,07-Nov,2:32PM,YIHPMN
8:29PM 8/Nov Y-I-W,08-Nov,8:29PM,PMNYIW
Y/I/Y 7/Nov 10:17AM,07-Nov,10:17AM,YIYNAM
Y:O:H 8:03PM 9/Nov,09-Nov,8:03PM,YOHPMN
10:29AM 8/Nov Y-I-W,08-Nov,10:29AM,AMNYIW
Y/O/W 9-Nov 7:48AM,09-Nov,7:48AM,YOWNAM
1:49PM Y/I/X 6/Nov,06-Nov,1:49PM,PMYIXN
Y-O-W 9-Nov 7:05PM,09-Nov,7:05PM,YOWNPM
8/Nov 9:38AM Y/I/H,08-Nov,9:38AM,NAMYIH
8:14AM Y-I-H 10-Nov,10-Nov,8:14AM,AMYIHN
Y/I/Y 8/Nov 10:41AM,08-Nov,10:41AM,YIYNAM
7/Nov YIZ 1:00PM,07-Nov,1:00PM,NYIZPM
Y/O/W 8-Nov 6:05PM,08-Nov,6:05PM,YOWNPM
8/Nov Y/O/X 11:13AM,08-Nov,11:13AM,NYOXAM
10/Nov 8:55AM Y/I/Y,10-Nov,8:55AM,NAMYIY
11:23PM 10-Nov Y-O-Y,10-Nov,11:23PM,PMNYOY
Y:O:Z 6-Nov 2:05PM,06-Nov,2:05PM,YOZNPM
8:25AM 10/Nov Y/O/W,10-Nov,8:25AM,AMNYOW
YIX 7-Nov 6:49PM,07-Nov,6:49PM,YIXNPM
8-Nov YOX 7:52AM,08-Nov,7:52AM,NYOXAM
10/Nov 3:05PM Y-O-W,10-Nov,3:05PM,NPMYOW
7/Nov 9:18AM Y-I-Y,07-Nov,9:18AM,NAMYIY
10-Nov YIH 8:37AM,10-Nov,8:37AM,NYIHAM
7:32AM Y:O:Z 9-Nov,09-Nov,7:32AM,AMYOZN
10:55AM 10-Nov Y-I-W,10-Nov,10:55AM,AMNYIW
10/Nov 9:35AM Y/I/H,10-Nov,9:35AM,NAMYIH
YIW 7/Nov 7:42AM,07-Nov,7:42AM,YIWNAM
5:21PM Y:I:X 6-Nov,06-Nov,5:21PM,PMYIXN
Y:I:Y 4:42PM 10-Nov,10-Nov,4:42PM,YIYPMN
8/Nov 12:21PM YOY,08-Nov,12:21PM,NPMYOY
7:35AM 8/Nov Y/I/Y,08-Nov,7:35AM,AMNYIY
Y:O:W 9:38AM 10-Nov,10-Nov,9:38AM,YOWAMN
7/Nov 7:29AM YIY,07-Nov,7:29AM,NAMYIY
3:02PM 10-Nov YOH,10-Nov,3:02PM,PMNYOH
7/Nov 11:06AM YOW,07-Nov,11:06AM,NAMYOW
Y-I-H 3:06PM 9/Nov,09-Nov,3:06PM,YIHPMN
10/Nov YIZ 10:02AM,10-Nov,10:02AM,NYIZAM
7/Nov 3:17PM Y:I:Y,07-Nov,3:17PM,NPMYIY
8:16AM 9/Nov Y-I-H,09-Nov,8:16AM,AMNYIH
4:38PM Y/O/Z 9/Nov,09-Nov,4:38PM,PMYOZN
9/Nov YIY 3:43PM,09-Nov,3:43PM,NYIYPM
8/Nov 1:47PM YOY,08-Nov,1:47PM,NPMYOY
YOY 7:03PM 8-Nov,08-Nov,7:03PM,YOYPMN
7:44AM YOW 10/Nov,10-Nov,7:44AM,AMYOWN
YOH 7:41AM 7/Nov,07-Nov,7:41AM,YOHAMN
7-Nov 4:36PM Y/O/W,07-Nov,4:36PM,NPMYOW
YOZ 6-Nov 10:35PM,06-Nov,10:35PM,YOZNPM
9:45AM 9-Nov Y/O/X,09-Nov,9:45AM,AMNYOX
Y:O:Z 1:32PM 6/Nov,06-Nov,1:32PM,YOZPMN
8:02PM Y-O-H 8-Nov,08-Nov,8:02PM,PMYOHN
YOH 6-Nov 3:01PM,06-Nov,3:01PM,YOHNPM
Y-I-Z 8/Nov 6:23PM,08-Nov,6:23PM,YIZNPM
10/Nov Y:O:Y 7:22PM,10-Nov,7:22PM,NYOYPM
Y-I-X 4:26PM 8/Nov,08-Nov,4:26PM,YIXPMN
7:21PM 6/Nov Y:I:X,06-Nov,7:21PM,PMNYIX
6-Nov 7:01PM Y:O:H,06-Nov,7:01PM,NPMYOH
10/Nov 3:06PM YOZ,10-Nov,3:06PM,NPMYOZ
5:00PM Y/O/H 9/Nov,09-Nov,5:00PM,PMYOHN
Y:I:Y 1:11PM 9-Nov,09-Nov,1:11PM,YIYPMN
8/Nov Y:O:W 4:38PM,08-Nov,4:38PM,NYOWPM
Y-I-H 8/Nov 10:38PM,08-Nov,10:38PM,YIHNPM
6/Nov 9:46AM YIY,06-Nov,9:46AM,NAMYIY
6-Nov Y-I-Z 5:44PM,06-Nov,5:44PM,NYIZPM
9/Nov 9:31PM Y:O:Z,09-Nov,9:31PM,NPMYOZ
Y/I/Y 8-Nov 7:14AM,08-Nov,7:14AM,YIYNAM
YIH 10/Nov 12:38PM,10-Nov,12:38PM,YIHNPM
1:07PM Y-O-W 8/Nov,08-Nov,1:07PM,PMYOWN
11:03AM Y/I/H 8-Nov,08-Nov,11:03AM,AMYIHN
9:03PM 8/Nov YIZ,08-Nov,9:03PM,PMNYIZ
8-Nov Y/O/Y 6:20PM,08-Nov,6:20PM,NYOYPM
8:10PM 6/Nov Y:O:X,06-Nov,8:10PM,PMNYOX
9-Nov 5:10PM Y/O/X,09-Nov,5:10PM,NPMYOX
7-Nov 5:44PM YOW,07-Nov,5:44PM,NPMYOW
9-Nov 7:59AM Y/I/H,09-Nov,7:59AM,NAMYIH
7-Nov Y/O/X 7:16AM,07-Nov,7:16AM,NYOXAM
3:11PM Y:O:X 7/Nov,07-Nov,3:11PM,PMYOXN
2:00PM 8-Nov YIZ,08-Nov,2:00PM,PMNYIZ
8-Nov YOY 10:25AM,08-Nov,10:25AM,NYOYAM
6-Nov 7:47AM Y-O-W,06-Nov,7:47AM,NAMYOW
Y/O/W 9-Nov 4:37PM,09-Nov,4:37PM,YOWNPM
8/Nov 7:04PM Y-I-Z,08-Nov,7:04PM,NPMYIZ
Y/O/Z 2:27PM 10-Nov,10-Nov,2:27PM,YOZPMN
5:21PM Y:I:Y 9/Nov,09-Nov,5:21PM,PMYIYN
YIZ 6:25PM 6/Nov,06-Nov,6:25PM,YIZPMN
4:02PM 6-Nov Y/I/W,06-Nov,4:02PM,PMNYIW
11:53AM 7-Nov Y:I:X,07-Nov,11:53AM,AMNYIX
9/Nov Y/I/H 9:20AM,09-Nov,9:20AM,NYIHAM
7/Nov 11:01PM Y-O-H,07-Nov,11:01PM,NPMYOH
YOH 3:32PM 9-Nov,09-Nov,3:32PM,YOHPMN
7/Nov 2:43PM Y:I:Y,07-Nov,2:43PM,NPMYIY
Y-I-W 6/Nov 1:56PM,06-Nov,1:56PM,YIWNPM
1:53PM 9/Nov Y/I/X,09-Nov,1:53PM,PMNYIX
7:53AM 8/Nov Y:I:Y,08-Nov,7:53AM,AMNYIY
11:03AM 6/Nov Y/O/H,06-Nov,11:03AM,AMNYOH
12:03PM Y/O/H 7-Nov,07-Nov,12:03PM,PMYOHN
9/Nov 9:03PM YIZ,09-Nov,9:03PM,NPMYIZ
8/Nov Y:I:Y 11:19AM,08-Nov,11:19AM,NYIYAM
6/Nov Y/O/Z 12:32PM,06-Nov,12:32PM,NYOZPM
8:20AM 8-Nov Y/O/H,08-Nov,8:20AM,AMNYOH
Y:I:Y 1:15PM 10/Nov,10-Nov,1:15PM,YIYPMN
6:45PM 9-Nov Y/I/H,09-Nov,6:45PM,PMNYIH
YIY 9-Nov 8:15PM,09-Nov,8:15PM,YIYNPM
9:33PM YIX 7-Nov,07-Nov,9:33PM,PMYIXN
9-Nov Y-I-Z 6:59AM,09-Nov,6:59AM,NYIZAM
2:35PM YOW 10/Nov,10-Nov,2:35PM,PMYOWN
9/Nov 8:36AM Y:I:Y,09-Nov,8:36AM,NAMYIY
10-Nov Y/I/Z 5:01PM,10-Nov,5:01PM,NYIZPM
Y-I-Z 7:59PM 8/Nov,08-Nov,7:59PM,YIZPMN
8-Nov Y/O/Z 6:00PM,08-Nov,6:00PM,NYOZPM
Y:I:Y 10-Nov 3:50PM,10-Nov,3:50PM,YIYNPM
Y-I-H 7:46AM 7/Nov,07-Nov,7:46AM,YIHAMN
2:34PM Y/I/Z 10/Nov,10-Nov,2:34PM,PMYIZN
7-Nov Y/I/Z 7:02PM,07-Nov,7:02PM,NYIZPM
5:02PM Y:O:H 6-Nov,06-Nov,5:02PM,PMYOHN
5:59PM Y-O-Y 10/Nov,10-Nov,5:59PM,PMYOYN
9/Nov 11:04PM YIZ,09-Nov,11:04PM,NPMYIZ
7-Nov 6:33PM Y/O/X,07-Nov,6:33PM,NPMYOX
Y/I/Y 6:29PM 9/Nov,09-Nov,6:29PM,YIYPMN
9:04AM Y:O:W 6-Nov,06-Nov,9:04AM,AMYOWN
Y-I-X 6:06PM 9/Nov,09-Nov,6:06PM,YIXPMN
Y/I/Z 6-Nov 1:02PM,06-Nov,1:02PM,YIZNPM
9:06AM YIX 10-Nov,10-Nov,9:06AM,AMYIXN
8:14PM Y:O:X 10-Nov,10-Nov,8:14PM,PMYOXN
10-Nov Y:I:X 11:59AM,10-Nov,11:59AM,NYIXAM
Y:I:X 1:25PM 6-Nov,06-Nov,1:25PM,YIXPMN
11:35AM YIW 8/Nov,08-Nov,11:35AM,AMYIWN
7-Nov 1:37PM YIH,07-Nov,1:37PM,NPMYIH
10:05AM 7-Nov YIH,07-Nov,10:05AM,AMNYIH
3:18PM 9-Nov YOY,09-Nov,3:18PM,PMNYOY
2:30PM 6/Nov Y-O-Z,06-Nov,2:30PM,PMNYOZ
Y/I/H 6-Nov 7:03PM,06-Nov,7:03PM,YIHNPM
12:30PM 10/Nov Y-I-Z,10-Nov,12:30PM,PMNYIZ
3:46PM 7/Nov YOY,07-Nov,3:46PM,PMNYOY
11:31AM 6-Nov Y:I:H,06-Nov,11:31AM,AMNYIH
Y/O/Z 10/Nov 10:35AM,10-Nov,10:35AM,YOZNAM
12:30PM 8/Nov YOH,08-Nov,12:30PM,PMNYOH
7:06AM 8/Nov YOW,08-Nov,7:06AM,AMNYOW
Y/O/H 8-Nov 11:00PM,08-Nov,11:00PM,YOHNPM
Y/O/W 10/Nov 10:07PM,10-Nov,10:07PM,YOWNPM
7-Nov Y/O/W 10:07PM,07-Nov,10:07PM,NYOWPM
12:09PM 8-Nov Y:O:Z,08-Nov,12:09PM,PMNYOZ
Y/O/W 5:45PM 6/Nov,06-Nov,5:45PM,YOWPMN
Y/I/W 8-Nov 11:28PM,08-Nov,11:28PM,YIWNPM
4:07PM YOW 9-Nov,09-Nov,4:07PM,PMYOWN
7:08PM YOW 10-Nov,10-Nov,7:08PM,PMYOWN
9-Nov 12:05PM Y:O:W,09-Nov,12:05PM,NPMYOW
7-Nov YIX 2:22PM,07-Nov,2:22PM,NYIXPM
YIX 10-Nov 2:57PM,10-Nov,2:57PM,YIXNPM
6-Nov 10:01AM YOH,06-Nov,10:01AM,NAMYOH
7:56AM YIY 9-Nov,09-Nov,7:56AM,AMYIYN
YIW 8:32PM 7-Nov,07-Nov,8:32PM,YIWPMN
10:16AM 8-Nov Y/I/Y,08-Nov,10:16AM,AMNYIY
9/Nov 8:17PM Y/O/X,09-Nov,8:17PM,NPMYOX
9:42AM 9/Nov YIY,09-Nov,9:42AM,AMNYIY
7:27AM Y:I:X 6/Nov,06-Nov,7:27AM,AMYIXN
12:19PM 7-Nov Y:I:X,07-Nov,12:19PM,PMNYIX
10-Nov Y:O:W 11:07AM,10-Nov,11:07AM,NYOWAM
6-Nov 4:11PM Y-O-Z,06-Nov,4:11PM,NPMYOZ
1:03PM 7-Nov YIH,07-Nov,1:03PM,PMNYIH
Y-O-Z 8/Nov 7:36PM,08-Nov,7:36PM,YOZNPM
Y:O:H 6/Nov 6:20PM,06-Nov,6:20PM,YOHNPM
Y/I/X 8:45AM 10/Nov,10-Nov,8:45AM,YIXAMN
Y:O:Y 12:50PM 6/Nov,06-Nov,12:50PM,YOYPMN
YIZ 3:03PM 7-Nov,07-Nov,3:03PM,YIZPMN
YOZ 3:37PM 10-Nov,10-Nov,3:37PM,YOZPMN
Y-O-H 9/Nov 4:03PM,09-Nov,4:03PM,YOHNPM
8-Nov Y:I:H 7:34PM,08-Nov,7:34PM,NYIHPM
7:30PM 6-Nov Y:I:H,06-Nov,7:30PM,PMNYIH
Y/I/W 4:32PM 8-Nov,08-Nov,4:32PM,YIWPMN
YIH 6/Nov 2:38PM,06-Nov,2:38PM,YIHNPM
11:00PM 10/Nov Y-O-H,10-Nov,11:00PM,PMNYOH
6/Nov 4:16PM YIY,06-Nov,4:16PM,NPMYIY
9-Nov 8:55AM Y-O-Z,09-Nov,8:55AM,NAMYOZ
10-Nov 12:20PM Y/O/Y,10-Nov,12:20PM,NPMYOY
YOX 8-Nov 7:11PM,08-Nov,7:11PM,YOXNPM
Y:O:X 7-Nov 5:31PM,07-Nov,5:31PM,YOXNPM
10/Nov 2:01PM Y-I-Z,10-Nov,2:01PM,NPMYIZ
6-Nov 3:34PM YIW,06-Nov,3:34PM,NPMYIW
7:59AM 8/Nov YIZ,08-Nov,7:59AM,AMNYIZ
YIX 10-Nov 9:26AM,10-Nov,9:26AM,YIXNAM
YIZ 9-Nov 11:32AM,09-Nov,11:32AM,YIZNAM
5:06PM 6/Nov YOW,06-Nov,5:06PM,PMNYOW
Y:O:Y 12:52PM 7-Nov,07-Nov,12:52PM,YOYPMN
9-Nov 2:35PM YOW,09-Nov,2:35PM,NPMYOW
Y:I:X 7-Nov 11:01AM,07-Nov,11:01AM,YIXNAM
YOY 6:03PM 9/Nov,09-Nov,6:03PM,YOYPMN
Y/O/X 6:15PM 9/Nov,09-Nov,6:15PM,YOXPMN
12:08PM Y/I/H 6-Nov,06-Nov,12:08PM,PMYIHN
Y:I:X 10-Nov 6:49PM,10-Nov,6:49PM,YIXNPM
5:40PM 10/Nov YIZ,10-Nov,5:40PM,PMNYIZ
Y:O:Y 9/Nov 7:07PM,09-Nov,7:07PM,YOYNPM
12:31PM Y:O:Z 10/Nov,10-Nov,12:31PM,PMYOZN
7-Nov Y-O-Y 11:18AM,07-Nov,11:18AM,NYOYAM
9:28PM YIX 10/Nov,10-Nov,9:28PM,PMYIXN
YIX 8:25PM 10-Nov,10-Nov,8:25PM,YIXPMN
11:28AM 8/Nov Y/I/X,08-Nov,11:28AM,AMNYIX
YIZ 7-Nov 4:02PM,07-Nov,4:02PM,YIZNPM
8/Nov YIZ 8:24AM,08-Nov,8:24AM,NYIZAM
9/Nov Y-I-Z 9:59PM,09-Nov,9:59PM,NYIZPM
12:31PM 7/Nov YIH,07-Nov,12:31PM,PMNYIH
9-Nov YIX 9:52AM,09-Nov,9:52AM,NYIXAM
11:02PM YOH 6/Nov,06-Nov,11:02PM,PMYOHN
5:42PM 8-Nov Y/O/H,08-Nov,5:42PM,PMNYOH
Y-O-Y 9/Nov 11:22PM,09-Nov,11:22PM,YOYNPM
9/Nov Y-O-H 12:31PM,09-Nov,12:31PM,NYOHPM
2:35PM YIW 8-Nov,08-Nov,2:35PM,PMYIWN
10/Nov Y/I/H 7:58AM,10-Nov,7:58AM,NYIHAM
Y/O/Z 9/Nov 3:31PM,09-Nov,3:31PM,YOZNPM
10:59AM Y/I/H 10-Nov,10-Nov,10:59AM,AMYIHN
7:58AM Y:I:Y 6-Nov,06-Nov,7:58AM,AMYIYN
10/Nov Y/O/H 5:00PM,10-Nov,5:00PM,NYOHPM
8/Nov 9:14AM Y:I:W,08-Nov,9:14AM,NAMYIW
7/Nov 7:50AM Y/O/X,07-Nov,7:50AM,NAMYOX
Y-O-X 8/Nov 2:43PM,08-Nov,2:43PM,YOXNPM
Y:O:Z 9/Nov 2:57PM,09-Nov,2:57PM,YOZNPM
5:59PM 7-Nov YIY,07-Nov,5:59PM,PMNYIY
12:51PM YOY 10-Nov,10-Nov,12:51PM,PMYOYN
Y/I/X 9:53AM 6-Nov,06-Nov,9:53AM,YIXAMN
7/Nov 1:46PM YOX,07-Nov,1:46PM,NPMYOX
12:59PM 6-Nov Y-I-X,06-Nov,12:59PM,PMNYIX
6-Nov Y-O-W 12:07PM,06-Nov,12:07PM,NYOWPM
YOZ 2:00PM 8-Nov,08-Nov,2:00PM,YOZPMN
7-Nov Y:I:H 8:34AM,07-Nov,8:34AM,NYIHAM
6/Nov 9:37PM Y-O-Z,06-Nov,9:37PM,NPMYOZ
8/Nov Y:I:Z 12:34PM,08-Nov,12:34PM,NYIZPM
Y/O/W 1:33PM 9/Nov,09-Nov,1:33PM,YOWPMN
7:08AM 7-Nov Y:O:W,07-Nov,7:08AM,AMNYOW
1:13PM YOX 10/Nov,10-Nov,1:13PM,PMYOXN
8-Nov 7:42AM YIZ,08-Nov,7:42AM,NAMYIZ
Y:O:Z 10:07AM 10-Nov,10-Nov,10:07AM,YOZAMN
6:40PM 7-Nov Y:O:H,07-Nov,6:40PM,PMNYOH
6:43PM Y/O/H 8-Nov,08-Nov,6:43PM,PMYOHN
7-Nov 11:45AM YOX,07-Nov,11:45AM,NAMYOX
Y-O-Z 10:11AM 6-Nov,06-Nov,10:11AM,YOZAMN
Y-O-W 10-Nov 10:37AM,10-Nov,10:37AM,YOWNAM
12:36PM YOW 9-Nov,09-Nov,12:36PM,PMYOWN
8-Nov 11:03PM Y-O-W,08-Nov,11:03PM,NPMYOW
Y/O/X 9:12PM 8-Nov,08-Nov,9:12PM,YOXPMN
7:02PM Y/O/H 8-Nov,08-Nov,7:02PM,PMYOHN
10/Nov Y/I/Y 7:13PM,10-Nov,7:13PM,NYIYPM
YOZ 10/Nov 9:35AM,10-Nov,9:35AM,YOZNAM
6:59PM YIH 8-Nov,08-Nov,6:59PM,PMYIHN
10-Nov 4:20PM Y:I:X,10-Nov,4:20PM,NPMYIX
11:05AM YOW 9/Nov,09-Nov,11:05AM,AMYOWN
8/Nov 1:11PM Y:O:X,08-Nov,1:11PM,NPMYOX
Y-I-Z 6-Nov 3:34PM,06-Nov,3:34PM,YIZNPM
1:41PM YOX 6/Nov,06-Nov,1:41PM,PMYOXN
Y-O-Z 9:33AM 8-Nov,08-Nov,9:33AM,YOZAMN
Y:O:X 6:15PM 6-Nov,06-Nov,6:15PM,YOXPMN
11:19PM Y:I:Y 10-Nov,10-Nov,11:19PM,PMYIYN
6-Nov Y/I/W 10:34AM,06-Nov,10:34AM,NYIWAM
2:00PM Y/I/W 9/Nov,09-Nov,2:00PM,PMYIWN
YOH 6-Nov 12:02PM,06-Nov,12:02PM,YOHNPM
6-Nov 4:06PM YOW,06-Nov,4:06PM,NPMYOW
11:22AM Y/I/X 10/Nov,10-Nov,11:22AM,AMYIXN
7/Nov 1:00PM Y:O:H,07-Nov,1:00PM,NPMYOH
YIZ 11:04PM 10-Nov,10-Nov,11:04PM,YIZPMN
Y:O:W 7/Nov 5:04PM,07-Nov,5:04PM,YOWNPM
YIY 9-Nov 11:17PM,09-Nov,11:17PM,YIYNPM
YOZ 5:05PM 7/Nov,07-Nov,5:05PM,YOZPMN
Y/O/W 8-Nov 5:46PM,08-Nov,5:46PM,YOWNPM
8/Nov 1:49PM YIY,08-Nov,1:49PM,NPMYIY
9/Nov Y-I-H 9:36PM,09-Nov,9:36PM,NYIHPM
